id,title,description,publishedAt,thumbnails,viewCount,subscriberCount,hiddenSubscriberCount,videoCount,commentCount
UCZf__ehlCEBPop___sldpBUQ,HikakinTV,"HikakinTVはヒカキンが日常の面白いものを紹介するチャンネルです。

◆プロフィール◆
YouTubeにてHIKAKIN、HikakinTV、HikakinGames、HikakinBlogと
４つのチャンネルを運営し、動画の総アクセス数は72億回を突破、
チャンネル登録者数は計1080万人以上、月間アクセス２億回達成。
YouTubeタレント事務所uuum株式会社ファウンダー兼最高顧問。",2011-07-19T11:31:43.000Z,https://yt3.ggpht.com/-NFhw6-eus8Y/AAAAAAAAAAI/AAAAAAAAAAA/rtPbnb9gvAQ/s88-c-k-no-mo-rj-c0xffffff/photo.jpg,4862671898,6173850,False,2467,0
UCgMPP6RRjktV7krOfyUewqw,はじめしゃちょー（hajime）,"動画を出したい時にテキトーにアップロードします。
オールジャンル!!!!なんでもしたいこと動画にしてます!!!
チャンネル登録してくれると喜びます！

Hello! My name is Hajime! 
I`m not a president.


こんにちは!はじめしゃちょーです。

Please Subscribe!!!!!",2012-08-31T04:19:50.000Z,https://yt3.ggpht.com/-zuf1TvgF3Ik/AAAAAAAAAAI/AAAAAAAAAAA/EUhlIZ4G9wc/s88-c-k-no-mo-rj-c0xffffff/photo.jpg,5109135195,6439601,False,1661,0
UCg4nOl7_gtStrLwF0_xoV0A,SeikinTV,"SEIKIN（セイキン）／ YouTuber（ユーチューバー）
YouTuber プロダクションUUUM（ウーム）専属クリエイター
SeikinTV、SeikinGamesを運営。
メインチャンネルSeikinTVでは歌、面白商品の紹介、様々なことに挑戦する「やってみた」、ゲーム実況などジャンルにとらわれない幅広い内容の動画で人気を集めている。
また、自身が作詞作曲を手がけ、実の弟HIKAKINのメインチャンネルHikakinTVで公開した「YouTubeテーマソング」は再生回数56,000,000回を超える。
2015年に自身初となるソロシングル「Just Do It Now」をリリースし、iTunes Music Storeエレクトロニックアルバムチャート1位、総合アルバムチャート5位を獲得。
2016年にリリースしたセカンドシングル「Keep Your Head Up」は、iTunes Music Storeエレクトロニックシングル・アルバムチャート共に1位、総合アルバムチャートでも4位を獲得し、YouTubeにおける公式MVは再生回数20,000,000回を突破。
2017年10月、2015年に発表した「YouTubeテーマソング」以来、2年ぶりとなるヒカキン&セイキンの新曲「雑草」をリリース。
この楽曲が iTunes Music Store 総合チャート1位を獲得。
年末に開催されたミュージックステーションスーパーライブ2017にYouTuberとして初登場を果たし大きな話題となった。





▼共演実績
コブクロ様 ／ シェネル様 ／ 加山雄三様 ／ Tiësto様 ／ 小室哲哉様　など

チャンネル登録よろしくお願いします！



Welcome to SeikinTV!
My name is SEIKIN from Japan.
Please SUBSCRIBE！",2012-01-29T16:53:15.000Z,https://yt3.ggpht.com/-TpVHBaXKoW0/AAAAAAAAAAI/AAAAAAAAAAA/2iVh6KipJxs/s88-c-k-no-mo-rj-c0xffffff/photo.jpg,2437647850,3132078,False,1535,0
UCFBjsYvwX7kWUjQoW7GcJ5A,瀬戸弘司 / Koji Seto,"こんにちは。劇団天然工房の瀬戸弘司です。 
役者として舞台に立ったり、脚本を書いたり、漫画を描いたりしています。 暇なときは、写真撮ったり、ウクレレ弾いたりしています。 ブログも書いています。

YouTubeでは主にガジェット系動画レビューを投稿しております。
たまに旅行に行ったりすると、旅先での動画を大量にアップロードしたりします。

よろしくどうぞー。

＜使用している動画編集ソフト＞
Adobe Premiere Pro CC
iOS版iMovie

＜今回の撮影機材＞
【カメラ】Canon EOS C100 Mark II

【カメラ】Canon EOS 70D

【レンズ】SIGMA 18-35mm F1.8 DC HSM

【レンズ】Canon EF8-15mm F4L フィッシュアイ USM

【カメラ】Panasonic DMC-GH4

【レンズ】OLYMPUS ED M.ZUIKO ED 12-40mm F2.8 PRO

【マイク】SONY ミュージックビデオレコーダー HDR-MV1

【カメラ】SONY サイバーショット RX100M3",2010-04-10T02:11:44.000Z,https://yt3.ggpht.com/-Ox6vE1qB9g4/AAAAAAAAAAI/AAAAAAAAAAA/cEeD_72Ior8/s88-c-k-no-mo-rj-c0xffffff/photo.jpg,714179677,1449451,False,1796,0
UCzWygEC8zQKYpCp7nwX_M__A,PDSKabushikiGaisha,"本名・ペインダンテ将之介


20才のイギリスとアメリカと日本のハーフ

動画を毎日更新しています！

TVにもちょくちょく出てます！

将来はビックスターになるんで
今からファンになっても損はないです！

仕事・ビジネス・TV局　関係はこちらからでご連絡お願いします。他は受け付けておりません　　　　　　　↓",2011-01-06T23:32:56.000Z,https://yt3.ggpht.com/-aQrjxurrGL4/AAAAAAAAAAI/AAAAAAAAAAA/ZJ5celOfyoo/s88-c-k-no-mo-rj-c0xffffff/photo.jpg,1012465601,1419278,False,2236,0
UCCUd6vfPvpPHBWZ6XwXAlRQ,MasuoTV,"Masuo
総チャンネル登録者数は75万人以上、
総アクセス数は2億5千万回を超える。
商品レビュー、簡単クッキング、ゲーム、日常の動画をお届けしてます。
近所にいるようなお兄さんが、
素直に何でもご紹介していきます。
あなたと一緒に遊んでくれる優しいお兄さんを目指します！
やってほしいことがあったら何でも教えてください(๑′ᴗ‵๑)",2012-08-08T16:28:54.000Z,https://yt3.ggpht.com/-a_HD8dZmMIo/AAAAAAAAAAI/AAAAAAAAAAA/dll3nMC7tZU/s88-c-k-no-mo-rj-c0xffffff/photo.jpg,484704058,1068785,False,1917,0
UCFTVNLC7ysej__sD5lkLqNGA,Yuka Kinoshita木下ゆうか,"毎日１８時にアップします！（できるだけ）

こんにちは、木下ゆうかです！
食べる事が大好きで、大食いの動画をメインに投稿しています！

週１で晩ごはんライブはじめました！（日曜日 19時〜が多いです）
↑次回のライブは、Twitter 木下ゆうか Yuka Kinoshita ( @mochiko0204 )で  ＃木下ゆうかの晩ごはんライブ　つけてtweetしてます( ¨̮ )
たまーに私生活に関する動画やレビュー動画もアップしてます。

よろしくお願いします\(* ¨̮*)/\(*¨̮ *)/

お手紙などは
〒106-6137 東京都港区六本木6-10-1
六本木ヒルズ森タワー37F（South）
木下ゆうか　宛でおねがいします😊

I upload videos daily @18:00 Tokyo time (as often as I can) 

Hello, my name is Kinoshita Yuka! 
I love to eat and OoGui (eating a lot) is my 
channel's main focus.
Once a week I have started to do an eating livestream 
(Mukbang) this usually starts every Sunday night @ around 19:00 Tokyo time 

You can follow me on my Twitter 木下ゆうか　Yuka Kinoshita ( @mochiko0204 ) 
also make sure to use the #木下ゆうか and I'll tweet it out
I look forward to your tweets

For letters and packages please send to 
106-6134 Tokyo Minato-ku Roppongi 6-10-1
Roppongi Hills Mori Tower 37F UUUM（South）
Attn: Kinoshita Yuka 木下ゆうか",2014-05-21T11:01:01.000Z,https://yt3.ggpht.com/-0O1uRj2d4vU/AAAAAAAAAAI/AAAAAAAAAAA/zgabc-9h6DA/s88-c-k-no-mo-rj-c0xffffff/photo.jpg,1518311099,4422619,False,1412,0
UCVPz_nauEJpqPxxvYiOpCHQ,カズチャンネル/Kazu Channel,私が日常体験する事を中心に動画をアップ。私の体験をみんなで共有できたらなーと思ってます。,2010-06-04T09:00:08.000Z,https://yt3.ggpht.com/-jrN9eaN8f10/AAAAAAAAAAI/AAAAAAAAAAA/9EzFUth5HHA/s88-c-k-no-mo-rj-c0xffffff/photo.jpg,568714855,1449807,False,1810,0
UC6YD__hqIJ1UIOcVyQ07HGAw,TOMIKKU NET,"毎日21時にネタ・料理などやりたいことをやりこなすキングオブビューティー！！

この個性であなたを虜にしちゃうぞ♡

面白ければチャンネル登録・高評価してね♡

SNSでの拡散もあればとても嬉しいです",2011-04-10T03:50:01.000Z,https://yt3.ggpht.com/-n07cswTBFPQ/AAAAAAAAAAI/AAAAAAAAAAA/5PxVjZIg8jQ/s88-c-k-no-mo-rj-c0xffffff/photo.jpg,714365477,1353118,False,1278,0
UC6wKgAlOeFNqmXV167KERhQ,JETDAISUKE,"JETDAISUKE's Hands-on Review Show

ジェットダイスケこと愛場大介による、製品レビューや体験動画などが中心です。
面白い製品をお持ちの企業の方、ぜひ情報をお知らせくださいませ。

このYouTubeチャンネルの動画は、私の個人ブログ
http://heeboo.blogspot.jp/
http://gajetdaisuke.com/
にて本文中に使用する動画コンテンツもあわせて投稿しております。ブログのほうも合わせてお読みいただければ幸いです。

twitterの方にもブログのフィードをポストしておりますので
http://bit.ly/kdFu1F
そちらの方をフォローすることでも最新記事を読むことができます。

インスタグラムはこちら！ぜひ登録してくださいね( ^ω^ )
https://www.instagram.com/jetdaisuke/

facebookページはこちらです。
http://www.facebook.com/pages/jetdaisuke/238431611840
友達しか友達登録しないので、フォローしていただけるほうがありがたいです m(_ _)m

ご投票いただいた皆さんのおかげで、アルファブロガーアワード2009も受賞できました。
http://youtu.be/SKiodm4ddaE
ありがとうございました。",2006-02-27T17:31:41.000Z,https://yt3.ggpht.com/-kaSqLvpacGM/AAAAAAAAAAI/AAAAAAAAAAA/54nESSje9Os/s88-c-k-no-mo-rj-c0xffffff/photo.jpg,208376622,235108,False,3233,0
UCHPARXha7xQNbfzwzY7NzUw,megumi sakaue,"共に人生を謳歌しようぜ！！！！

Twitter　https://twitter.com/megumibernadett
まとめブログ　http://megumi.ldblog.jp/
-----------------
ゲーム、アニメ、サブカル系な感じのチャンネルになっております。

Blog
http://megumi.ldblog.jp/
レビュー依頼、出演依頼、取材依頼など、お仕事の話は下記から「めぐみ」宛へお願いします
http://www.uuum.jp/

Please feel free to send request for reviews, interview, business suggestions.
http://www.uuum.jp/

-----------------",2012-06-16T14:53:33.000Z,https://yt3.ggpht.com/-9ryYxPfbQIs/AAAAAAAAAAI/AAAAAAAAAAA/hoEre_6kywQ/s88-c-k-no-mo-rj-c0xffffff/photo.jpg,115531587,208225,False,3272,0
UC26ZU__55UPc7lVR9inHWayA,アバンティーズ,"全力系YouTuber『アバンティーズ』。UUUM所属。
YouTubeを中心に幅広く活動中!自由に伸び伸び全力笑顔！やりたい事をただ真っすぐにやります！

少しでもニヤけたらチャンネル登録！
Subscribe!",2011-07-25T09:03:36.000Z,https://yt3.ggpht.com/-fANN3vtG_uY/AAAAAAAAAAI/AAAAAAAAAAA/FKVs2HkT8BI/s88-c-k-no-mo-rj-c0xffffff/photo.jpg,356436647,998990,False,827,0
UCibEhpu5HP45__w7Bq1ZIulw,Fischer's-フィッシャーズ-,"このチャンネルはファーストチャンネルです。
こんにちは。こんばんは。
思い出系ネットパフォーマー軍団、フィッシャーズです。

まずはじめに・・・
僕らと同じこと、真似などをした場合についての
怪我・事故に関しては一切責任取りません。ご了承ください。

■動画内容
【Fischer's-フィッシャーズ-】
出来そうで出来なさそう、くだらない事、好きなことをする…。
中学三年の頃、「楽しい」を動画にすることから始まった７人の思い出系ネットパフォーマー軍団です。
メンバーは7人[シルクロード] [ンダホ] [ダーマ] [ザカオ] [ぺけたん] [モトキ] [マサイ] 

【フリー音源使用元】様
甘茶の音楽工房
http://amachamusic.chagasi.com/
効果音ラボ
http://soundeffect-lab.info/
DOVA-SYNDROME
http://dova-s.jp/
魔王魂
http://maoudamashii.jokersounds.com/

【注意】
無断転載は厳禁です。
All rights reserved.

ウェブサイトもございます！
※スマートフォン対応

Fischer's-フィッシャーズ-をよろしくお願いします。

2014/04/18 チャンネル登録者1,000人突破！
2014/05/29 合計再生回数がミリオン達成！
2014/07/08 チャンネル登録数10,000人突破！
2014/08/21 第一回オフ会開催！
~~~~~~~~~~~~~~~~~~~~
2015/07/20 UUUM

【お問い合わせ先について】
※1 業界の皆様・ご依頼の方々・その他ご相談がある方は、UUUMウェブサイトにある「サービス」からお願い致します。
※2 YouTubeメッセージ機能はスパムが多発しているため、フィッシャーズでは利用していません。ご理解いただけると幸いです。

【サービスに関するお問い合わせ（UUUM）】
http://www.uuum.co.jp/service",2012-08-24T03:11:12.000Z,https://yt3.ggpht.com/-HJez4-bmang/AAAAAAAAAAI/AAAAAAAAAAA/127S2IWOXX0/s88-c-k-no-mo-rj-c0xffffff/photo.jpg,4822445138,4654977,False,1575,0
UCpOjLndjOqMoffA__fr8cbKA,水溜りボンド,"大学生２人がわざわざやるまでではないけど、なぜか気になることを毎日20時に投稿してます！
ジャンルは実験検証、都市伝説、ドッキリ、料理など！

ありがたいことに芸人さんと勘違いされますが一切芸人さんではございません。。しいて言えばお笑いが好きな大学生っていう程度です！少しでも興味を持っていただけたら是非チャンネル登録お願いします！！

2015年１月１日より動画投稿を開始
2015年１月２２日　：チャンネル登録者数１００人突破
2015年４月１０日　：おるたなチャンネルさんと初コラボ！

2015年４月２５日　：チャンネル登録者数１０００人突破

2015年８月１０日　：チャンネル登録者数１万人突破

2015年８月２６日　：第一回オフ会的単独ライブ開催
2015年１１月１３日：Fischer'sさんと初コラボ！
2015年１１月１９日：まいめんチャンネルさんと初コラボ！

2015年１１月２３日：チャンネル登録者数１０万人突破

2015年１２月２２日：アバンティーズさんと初コラボ
2015年１２月２５日：2015年最優秀新人賞受賞
2015年１２月３１日：でかきんさんと初コラボ！
2016年１月５日　　：第二回オフ会的単独ライブ開催
2016年１月２３日　：チャンネル登録者数２０万人突破
2016年２月２４日　：もるさんと初コラボ！
2016年２月２６日　：水溜りボンド2(さぶ)開設

2016年４月９日　　：チャンネル登録者数５０万人突破&サブチャンネル１０万人突破

2016年５月２１日　：トミックさんと初コラボ
2016年６月１０日　：ワクワクさん出演！！
2016年６月１３日　：きりざきえいじくんと初コラボ
2016年７月２３日　：でんじろう先生のお弟子さんに協力を得る！
2016年８月７日　　：ロンブー田村淳さんと番組にて共演！
2016年８月１２日　：へきトラはうすさんと初コラボ（地獄）

これからもまだまだ続いていきます！！",2014-10-06T16:18:37.000Z,https://yt3.ggpht.com/-kUVyCRjAZcQ/AAAAAAAAAAI/AAAAAAAAAAA/I4wIiLcnNWk/s88-c-k-no-mo-rj-c0xffffff/photo.jpg,1699166538,3049989,False,1309,0
UCosy7jwSdXUbLbJBYgyRcnw,カリスマブラザーズ,"世界から""ユニーク""を発信するクリエイト集団

2014年、アメリカ合衆国シアトルにて結成。

シアトルでの活動後、現在は本拠地を東京に移しYouTubeや音楽など様々な活動を展開している。

チャンネルのテーマは「ダンディエロス」メンバー同士の合言葉は「嘘だけはつくな」
この二本を軸に、嘘をつかない様々なリアルを伝えていくチャンネルを目指しています。

オールジャンル、カリスマエンターテイナーのカリスマブラザーズです。

面白そうな物や事をお話し、紹介していきたいと思います。

お好きな感じでしたら、チャンネル登録してくださると嬉しいです。

よろしくお願いします。

カリスマ 一号ジロー/二号ジョージ /MINOより。

Please subscribe our channel. 

Thank you !!",2014-12-17T02:56:38.000Z,https://yt3.ggpht.com/-DugTsK6zTMk/AAAAAAAAAAI/AAAAAAAAAAA/U0qcflyTwDo/s88-c-k-no-mo-rj-c0xffffff/photo.jpg,487935460,1093694,False,1069,0
UCT0x6RQTeoZByaYt_k1Ranw,おるたなChannel,"大学のサークルで知り合った2人組でYouTubeをやっています！毎日20時に動画を投稿中！

実験・検証・UFOキャッチャー・ドッキリなどさまざまな企画に挑戦。2人の面白い掛け合いにも是非ご注目！


【メンバー】
◆ないとー
◆渋谷ジャパン


※このチャンネルでは字幕作成に協力してくれる方を募集しています。英語、日本語、中国語どの言語でも大歓迎です！作成してくれましたら字幕の最後にお名前をぜひ残して下さい。字幕編集者として動画にそのままお名前残させて頂きます！

※I need to help making subtitle.I`m very happy for you to translate Japanese to your country language.If you make subtitle to video, Please left your name after last sentence subtitle.I keep to left your name for Subtitle editor.


【おるたなchヒストリー】
2013年5月　   チャンネル開設
2014年11月　登録者1万人達成
2015年12月　登録者10万人達成

ご連絡は所属事務所UUUMまでお願い致します。",2013-05-20T19:47:28.000Z,https://yt3.ggpht.com/-nql9-0u3NrA/AAAAAAAAAAI/AAAAAAAAAAA/L5kgUE9MnCY/s88-c-k-no-mo-rj-c0xffffff/photo.jpg,1260648427,1854463,False,1320,0
UCCJel9mmTsxDU9RiCwdiLiA,サイヤマングレート,"私は筋肉と女子の味方
サイヤマングレート！！
筋肉YouTuber！！
１日１本マッチョな動画を配信中！！
TVにもちょいちょい出させてもらっているぞ！！
チャンネル登録よろしくね！！！

副業でマッチョアイドル
マッチョ２９に所属しているぞ！！

サイヤマンツイッター
https://twitter.com/greatsaiyaman02

サイヤマンブログ
http://s.ameblo.jp/great-saiyaman2

マッチョ２９公式サイトhttp://event-kikaku.com/macho_macho_29/  

マッチョ２９デビュー曲
ビバ！マッチョhttps://itunes.apple.com/jp/album/biba!matcho-single/id1017601588

マッチョ２９ブログ
http://s.ameblo.jp/macho29/",2013-04-05T18:07:28.000Z,https://yt3.ggpht.com/-HSOAbfKixT0/AAAAAAAAAAI/AAAAAAAAAAA/pUCdWkbDTI4/s88-c-k-no-mo-rj-c0xffffff/photo.jpg,121421470,287356,False,1304,0
UCyo6aLuDHbUoNTv__NR__Y0NA,ハイサイ探偵団,"ハイサイ探偵団とは
・○○を調査してほしい
・○○を検証してほしい
・○○に挑戦してほしい

沖縄で釣り、料理、観光動画を投稿してます。
依頼のメール、コメントをもらい、実行して動画にする団体
仕事、動画製作、行っております→nakahiro0815nakahiro@yahoo.co.jp
ツイッター→https://twitter.com/hittyaso",2012-03-10T12:55:41.000Z,https://yt3.ggpht.com/-06t24oJPQ50/AAAAAAAAAAI/AAAAAAAAAAA/QSsZ3E2nUXI/s88-c-k-no-mo-rj-c0xffffff/photo.jpg,357107943,565683,False,1468,0
UCx4a3z5KXGZvfvnM5P5Bj8w,早朝シューティング部,"基本的にはバスケの動画をアップしてますが、たまに意味わかんない関係ない動画もアップします。

チャンネル登録してくれたら照れます。",2011-09-03T18:16:55.000Z,https://yt3.ggpht.com/-TFsgSiA5h2Y/AAAAAAAAAAI/AAAAAAAAAAA/z9e_Ucd4J1M/s88-c-k-no-mo-rj-c0xffffff/photo.jpg,121136394,177943,False,1039,0
UC4QadOSsJu54Qs8z99shRiQ,釣りよかでしょう。,"経歴
ニコニコ動画で2009年に初めての動画をアップロード、最初はゲーム実況そして佐賀の田舎での遊びを紹介する佐賀よかでしょうを開始。佐賀県知事との対談、生放送・安倍総理との会談の生放送を経てニコニコ動画アワード(夏)を獲得。２年の休止のあと、釣りよかでしょうとしてyoutubeで活動開始。

テーマ

とにかく釣りの楽しさを伝えたい！
主にバス釣り・ライトショアジギングをやっているが、特に釣りが上手いという事でもない。
youtubeの動画投稿で経験を積んで、釣りのレベルも上達すればいいなぁ～。

目標

４６都府県で５０UP釣るまでかえれません！って企画を夢見ています
それを実現するため、ただいま貯金中・・・
その次は、琵琶湖で世界記録出すまで帰れませんって企画も考えています。
夢は見るものじゃない、叶えるものだ！！
みなさんよかったら【釣りよかでしょう】を友達にすすめてね♪

We are a channel to fish and outdoor in Japan
Japan is an island surrounded by the ocean, sea fishing is flourishing",2011-07-14T01:17:30.000Z,https://yt3.ggpht.com/-ghOEUwFKc4c/AAAAAAAAAAI/AAAAAAAAAAA/aEBILu6pKwk/s88-c-k-no-mo-rj-c0xffffff/photo.jpg,507905606,947152,False,1393,0
UC4lZ8vGPy8bwmKILb__YlhzQ,さとちんTV,"より楽しく！より面白く！動画を撮って笑いを提供していこうという計画動画！
いろいろな事を挑戦していこうと思います
めざせ、有名人！

最近は商品紹介チャンネルとなっています(´▽｀)


Twitter↓ﾌｫﾛﾐｰ
http://twitter.com/torumeikan

サブチャンネル
 http://www.youtube.com/user/SatochinGames",2013-05-01T15:51:21.000Z,https://yt3.ggpht.com/-UJrvAHS9sCQ/AAAAAAAAAAI/AAAAAAAAAAA/piwMeDu8rcU/s88-c-k-no-mo-rj-c0xffffff/photo.jpg,373747859,355507,False,2074,0
UC02K__De6oOKX0fQeqIKID3Q,まえちゃんねる MAECHANNEL,"親子でおもちゃの紹介動画をやっております！
最近は、寸劇を交えたり対決しながら楽しく投稿させていただいてます^^
本格的な投稿は2012年からで、その頃はプラレールやきかんしゃトーマスのおもちゃを紹介していましたが、現在は我が子も小学生になり仮面ライダーや昆虫など紹介するおもちゃも変わってきました(*^^*)

もし宜しければチャンネル登録をお願いいたします！


お手紙などは所属事務所へお願いします^^
〒106-6134　東京都港区六本木6-10-1 六本木ヒルズ森タワー37階
UUUM株式会社 まえちゃんねる宛

撮影機材は、SONY α6300、CX900とiPhone7 Plus。
編集ソフトは、Adobe Premiere Pro CC、After Effects CC、iMovieなど。",2010-06-10T00:32:46.000Z,https://yt3.ggpht.com/-WX5-skDwBk8/AAAAAAAAAAI/AAAAAAAAAAA/EiP3elotVH8/s88-c-k-no-mo-rj-c0xffffff/photo.jpg,278582757,211829,False,2009,0
UCFs__PaPhAlUQ2qUG8gHf_zA,オネガイシマス海賊団!!!,"オネガイシマス海賊団!!!のメインチャンネルです！
ONE PIECE好き、週刊少年ジャンプ好きはチャンネル登録して損なし！！

YouTube王におれはなる!!!!ドンッ！！
ONE PIECE大好きツッコミ系YouTuber/シンガーソングライターTAKASHIが船長のオネガイシマス海賊団!!!です！

メンバー
・オーワ・D・タカシ
・K
・ハーフくん
・作家 佐藤


最近はONE PIECE関連動画を多めに配信中です！
その他にミュージック動画、コメディー動画など好きなものなんでも上げてます！

今日も笑ったし明日も頑張ろう！ってみんなに思ってもらえるような活動をしております！

夢はONE PIECE公式YouTuberになること！
ONE PIECEのアニメ主題歌を歌うこと！
ONE PIECEの映画にちょい役で出ること！
そして尾田栄一郎先生(神)にお会いしてお話しすること！

ONE PIECE連載20周年記念トークイベント出演&一部MC担当させていただきました！感謝！！
これもいつも応援してくれるみんなのおかげです！本当にありがとう！！

明日も楽しもぉおお＼(°∀°)(°∀°)／！！
オネガイシマス！！！


※コメントはあまり返せてないです！ごめーん！けどみんないつもありがとう！

週3～6で更新中！

UUUM所属　　
-----------------------------------
早稲田大学卒
ポンコツ
芸人目指してた
ツッコミ
教員免許
シンガーソングライター
フジテレビ系列「ハモネプ」最終予選進出 
早稲田祭2013 テーマソング担当
スカルプＤ WEB動画コンテスト【優秀賞 演出部門 】受賞
ONE PIECE連載20周年記念イベント出演&一部MC担当


旧：TAKASHI's TV!!!（タカシズTV）",2013-12-11T10:35:36.000Z,https://yt3.ggpht.com/-xC1sxKqnlUc/AAAAAAAAAAI/AAAAAAAAAAA/s3soCY_d-eY/s88-c-k-no-mo-rj-c0xffffff/photo.jpg,36478941,70238,False,1128,0
UCJ98lzh2QJGp37QgWPUcwrQ,HIMAWARIちゃんねる,"このチャンネルではまーちゃん6歳とおーちゃん4歳が【知育菓子・食玩・おもちゃ・妖怪ウォッチ・アンパンマン・メルちゃん・リカちゃん・ガチャガチャ・お出掛け（公園・テーマパーク・水族館・動物園など）・イベント（誕生日・節分など）】などを気ままに紹介しています。
時々にぃに（長男）とねぇね（長女）やパパママなどが出ます。
にぃにとねぇねはまーちゃんおーちゃんの本当の兄妹です☆（最近よく質問いただくのでｗ）因みにパパとママは結婚17年です＾＾
ぜひ、チャンネル登録お願いします٩(๑•̀ω•́๑)۶　Please subscribe　http://goo.gl/pfPuys
ツイッターも気ままにつぶやいているのでフォローお願いします。https://twitter.com/himawari7859

ビジネス関係のお問い合わせは所属事務所のUUUM株式会社へご連絡下さい。
http://www.uuum.co.jp/inquiry_promotion

お手紙などはこちらへ♡
〒106-6134　東京都港区六本木6-10-1 六本木ヒルズ森タワー37階
UUUM株式会社 HIMAWARIちゃんねる宛",2014-04-06T13:00:53.000Z,https://yt3.ggpht.com/-v7rbteic1ww/AAAAAAAAAAI/AAAAAAAAAAA/1aVVjF0Ck50/s88-c-k-no-mo-rj-c0xffffff/photo.jpg,1193389833,896896,False,877,0
UC1MwWJ2mFWp51xy9yzyhTlg,にゃーにゃちゃんねるnya-nya channel,"「にゃ～にゃちゃんねる」うちの仲良し？三姉妹動画です！　コメント＆チャンネル登録＆高評価よろしくお願いします♪

ガチャガチャ・ダンボール工作・スクイーズ・スライム・寸劇(なりきり・ごっこ遊び)・クレーンゲーム・お買物対決・アンパンマン・リカちゃん・シルバニアファミリー・みいつけた！・食玩・知育菓子・日常・お出かけなどの動画を紹介しています♪

にゃーにゃちゃんねるTシャツ＆パーカーグッズ販売のお知らせ★
こちらより→https://uuum.skiyaki.net/nyanyachannel/item/latest

【テレビ・雑誌】
・TBSテレビ　情報番組「あさチャン」のチャン知りコーナーにて出演（2015年7月29日放送）
・日本テレビ　情報番組「スッキリ!!」HOTライフコーナーにて出演（2016年4月14日放送）
・小学館　 雑誌 ぷっちぐみ7月号  『かがやく!!ユーチューバー』 掲載 （2016年）
・ AbemaTV　けやき坂アベニュー(2018)
【主なタイアップtieup】
・【LINE株式会社】 アプリ「LINE キッズ動画」（2014/2015)【学研（ Gakken ）】(2015)・【シャイン】(2016)【ロッテ（LOTTE）】(2016/2017)【タカラトミー・タカラトミーアーツ】(2017/2018)【じゃらん】(2017)【セイバン】(2017)【像印】(2017)【セブンイレブン】(2017)【ドコモ】(2017)
【プレイ・ドー】(2018)　その他

Three good friend sisters.
Every day.Toy.Cake.OutingI introduce me.
One week　Two or three times of paces Update .
Please register comment & channel.

ＢＧＭ楽曲　フリーDOVA-SYNDROME
http://dova-s.jp/

【ビジネス関係のお問い合わせ】
所属事務所のUUUM株式会社へ
http://www.uuum.co.jp/inquiry_promotion

【お手紙等のあて先】
〒106-6137　東京都港区六本木6-10-1 六本木ヒルズ森タワー37階 
UUUM株式会社　にゃーにゃちゃんねる宛",2014-02-10T07:14:16.000Z,https://yt3.ggpht.com/-uKHGqHZ3UCM/AAAAAAAAAAI/AAAAAAAAAAA/Mtc05dKLoFw/s88-c-k-no-mo-rj-c0xffffff/photo.jpg,185241037,197678,False,1059,0
UCM5R7AjTi7irA9fXorxRTRg,TaiyoChannel太陽チャンネル,"こんにちは！
太陽チャンネルでは、トミカなどの開封動画はもちろん、
興味を持った商品の開封や普段のおもしろ動画、その他私（父）の大好きなサプライズ動画やドッキリをアップしています
たまには、お出かけ動画もアップしたり、マルチなチャンネルです

お手紙などの送り先は
106-6137
東京都港区六本木6-10-1
六本木ヒルズ森タワー37階
UUUM株式会社　太陽チャンネル宛
までよろしくお願いします♫

その他お問い合わせはUUUMにお願いします。
http://www.uuum.co.jp/inquiry_promotion

皆様に笑顔と笑いをお届けできるチャンネルを目指し
長男の太陽（５歳）と次男の翼（１歳）２人と一緒に楽しみながら撮影してます！
そして２０１６年６月に誕生した長女の蘭もまた一緒に撮影に参加できればと考えております。
ぜひ、チャンネル登録をお願いします😍
Theo dõi Cảm ơn bạn
Subscribe Thank you
订阅谢谢
구독 부탁드립니다",2014-01-14T14:07:07.000Z,https://yt3.ggpht.com/-1FerqubR82Q/AAAAAAAAAAI/AAAAAAAAAAA/jB10mFLcwSE/s88-c-k-no-mo-rj-c0xffffff/photo.jpg,225527058,269191,False,1316,0
UCPLIqdTO6Ze8k8y5oDqslzg,ココロマンちゃんねる,"毎日更新（投稿本数多め）「ココロマン」で検索してね♪
ココロマンとナナタン、ティーン、ママ、パパ、ママツー（ママの姉）が出ています。
撮影は家族みんなでやっています。管理はすべてママがしております！
他のチャンネルも見てみてね！！

●出演者●
ココロマン 8歳（小学2年生です）
ナナタン 4歳
ママ・パパ
ティーン 14歳（ココロマンたちのいとこ^^）
ティーンとのんちゃんのママ（ママ2です^^）

お手紙などは 
〒106-6137 東京都港区六本木 6-10-1 六本木ヒルズ森タワー 37階 UUUM株式会社
　ココロマンちゃんねる宛 
へよろしくお願いします!!
その他お問い合わせはUUUMへお願いいたします。

ツイッター、インスタグラム、@ライン、XBOX気軽にフォローください。
面白い方大好きです。

About our channel:
 We upload videos everyday!
 In our videos, we play with popular Japanese toys such as
 Power Rangers, Anpmanman, Yo-kai Watch, StarWars and more.
 We also upload videos of Kokoro-man and Nana-tan's everyday vlogs,
 challenges, and lots of fun activities.
 We hope you like our videos, and please subscribe for more!

People in our vidoes:
 Kokoro-man (7 years old)
 Nana-tan (4 years old)
 Big Brother (middle school)
 Big Sister (middle school)
 Mom
 Dad

This Channel is in charge at mom.

Thank you for your viewing
Please subscribe to my channel.",2011-07-07T10:18:49.000Z,https://yt3.ggpht.com/-fXxOx5Eqiq4/AAAAAAAAAAI/AAAAAAAAAAA/J8CxksqPPtg/s88-c-k-no-mo-rj-c0xffffff/photo.jpg,245574393,216116,False,1928,0
UCzKa8fRPoCbKh8O9yW2JK2g,桐崎栄二/きりざきえいじ,"桐崎栄二／きりざきえいじです。日常での出来事をYouTubeにアップロードしています。

”果敢ない壁にぶつかっても何度でも立ち上がる”

【ご連絡、依頼などは】
kirizakieiji_0914＠yahoo.co.jp",2013-03-18T11:03:07.000Z,https://yt3.ggpht.com/-J1JYTWKPAzU/AAAAAAAAAAI/AAAAAAAAAAA/9IEIF2KPu3Y/s88-c-k-no-mo-rj-c0xffffff/photo.jpg,679865159,2230687,False,262,0
UCoG2iDwh5Vw61kZx0kWL0WA,北の打ち師達,"◆メンバー全員が北海道出身のヲタ芸グループ◆
光る棒「サイリウム」を手に独特の動きをするダンスパフォーマンスをご覧あれ！

■動画内容
流行りの曲や好きな曲をヲタ芸で表現！
他にはネタ動画・映像作品なども投稿しています。

※現在は東京を拠点に活動しています。
※ご相談がある方はPCで、「ビジネス関係のお問い合わせ」のメールアドレスからお願い致します。",2010-11-06T00:10:30.000Z,https://yt3.ggpht.com/-h9SOWCUYebs/AAAAAAAAAAI/AAAAAAAAAAA/Ci2r8H69rQE/s88-c-k-no-mo-rj-c0xffffff/photo.jpg,204880703,575125,False,615,0
UCMsuwHzQPFMDtHaoR7_HDxg,ゆきりぬ,"どうもゆきりぬですっ
チャンネルに遊びに来てくれてありがとう🐵🌷
このチャンネルではゆるーい日常のなかで色んなことにチャレンジしていく様子をゆるーくアップしています！

↓メインチャンネルには上げられないゆるすぎる動画はこちら↓
『ゆきりぬえとせとら。』
https://www.youtube.com/channel/UCCUUuxiedzRwJz1_na1zc1w

お問い合わせはUUUMまでお願いします！
http://www.uuum.co.jp/inquiry_promotion",2016-06-01T20:20:51.000Z,https://yt3.ggpht.com/--tJ_6JPLSmQ/AAAAAAAAAAI/AAAAAAAAAAA/hQba89mZucc/s88-c-k-no-mo-rj-c0xffffff/photo.jpg,147648608,653084,False,675,0
UCKtKKtjaaPKA1Oj8Ldnfsdg,釣りいろは,"年中、釣れる魚、旬の魚を求めて釣りに出かけてます。
主に、長崎県と佐賀県で活動中！釣り場でもし見かけたら一声かけて頂けると喜びます笑
そして、チャンネル登録して頂けるともっと嬉しいですｗ

方言丸出しですが、お手柔らかに・・・

【サブチャンネル いろはのいろは】
https://www.youtube.com/channel/UCSXXJaYP3BFljsr-m5wi32A",2010-01-30T11:27:12.000Z,https://yt3.ggpht.com/-PxWZYbZylbA/AAAAAAAAAAI/AAAAAAAAAAA/VLgQMYod4Vo/s88-c-k-no-mo-rj-c0xffffff/photo.jpg,147364802,293779,False,911,0
UCqQ6BtItfK2FI3f4wubJmoA,1D&ゆーぽん,"皆さんどうもこんにちは！🙌🏻💓1D&ゆーぽんです！🔯💕
いつも私の動画の終わりは【おつぽん】💕って締めます！😜おつぽんとは…お疲れ様をゆーぽん語にしました。👍🏻こちらのチャンネルは主に…スクイーズ/商品紹介/その他/皆さんを楽しませる動画を作りために頑張っています！☹️💦ぜひこれからもよろぽん！💕😊",2014-01-13T04:37:01.000Z,https://yt3.ggpht.com/-EzGgIMWIW7E/AAAAAAAAAAI/AAAAAAAAAAA/zj_YIzRchLk/s88-c-k-no-mo-rj-c0xffffff/photo.jpg,158721298,282858,False,914,0
UC0JR9ZTJIvB9VX8xz7LyujA,ツインズTWINS /,"初投稿：2015年5月29日

TWINSでは双子で面白いと思ったこと何でもやります！
再生リストに「猫動画」「ももクロ動画」「質問コーナー」「インテリ動画」「ばかっこ悪い動画」まとめてあります。

動画の概要欄にTシャツなどの販売もしてるのでチェック！！
にゃんねるには猫動画が大量に埋もれてるのでそちらもチェックしてみてね！

Twitter・Instagramもやってるので気軽にフォローお願いします。",2013-05-13T15:09:25.000Z,https://yt3.ggpht.com/-ouwoJ1QM41A/AAAAAAAAAAI/AAAAAAAAAAA/glXbANeB6SE/s88-c-k-no-mo-rj-c0xffffff/photo.jpg,156739650,349653,False,1023,0
UCeEw2Utee___P8__KZYTzuUsw,qooninTV,"「野球に関係する仕事がしたいけど、現実できてない」その欲求のはけ口としてはじめた野球専門の動画チャンネル。
最近ちょっとネタっぽいのに走ってますが、割と真面目に実戦動画、グローブ紹介や手入れ・型付け・スキルアップ講座など幅広く取り上げてます。
YouTuberさんとのコラボ積極的にしたいっす。みなさんよろしくお願いします！
毎日18:30頃にがんばってあげているので、チャンネル登録もお願いします～。

2015年2月より野球動画に絞った配信をはじめる。
2015年7月に100万回再生突破！
2015年10月に200万再生突破！
2015年11月に300万再生突破！
2015年12月に400万再生突破！
2015年1月に500万再生突破！
2015年2月に600万再生突破！チャンネル登録者1万人突破！
2015年3月に700万再生突破！
2015年4月に800万再生突破！
2015年5月に900万再生突破！
2015年5月に1000万再生突破！
2015年9月に2000万再生突破！
2016年8月に3000万再生突破！
2016年12月に4000万再生突破！
2017年3月に5000万再生突破！
2017年4月に6000万再生突破！
2017年6月に7000万再生突破！
2017年7月に8000万再生突破！
2017年8月に9000万再生突破！
2017年9月に1億再生突破！

2017年9月時点で単月再生数は1300万見込み。",2014-04-01T11:01:17.000Z,https://yt3.ggpht.com/-Pi6jVqleY7Y/AAAAAAAAAAI/AAAAAAAAAAA/7_3Ppw6kZuA/s88-c-k-no-mo-rj-c0xffffff/photo.jpg,185890682,245513,False,1227,0
UCNvDbbq0_pN4UrAC20fN2uw,いおりくんTV（IORIKUN TV）,"いおりです！誕生日10月19日 8歳の男の子です☆
しおんです！誕生日09月21日 0歳の男の子です☆
基本パパが更新しています♪
YouTubeで日常の面白いモノやおもちゃ、家族で外出、旅行動画、いおりくんとしおんくん的流行を紹介してます☆
成長に合わせてダンスや歌、エンターテイメントな作品制作もアップしていきます♪

出演：いおりくん、しおんくん、ママ、パパ（基本声のみ）、婆ば、いおりくんファミリーのお友達など
撮影 編集 音楽：パパ担当
Track Maker/Composer/Songwriter（KORG TRITON . Logic Pro Xを使用）
Videographer（Premiere Pro . AfterEffectsを使用 / カメラ Canon EOS80D Nikon D3300）
Dancer/Dance Instructor/Choreographer（HIPHOP、R&B、HOUSE）
Fashion buyer（基本ストリート系など）
Planner / Marketer
興味があることは何でも勉強！そして挑戦します☆
よろしくお願いします♫

主な外出、旅行動画一覧
ディズニーランド
ディズニーシー
ディズニーランドホテル
ディズニーシーホテルミラコスタ
ディズニーアンバサダーホテル
USJ（ユニバーサルスタジオジャパン）Universal Studios Japan
THE PARK FRONT HOTEL

主に紹介するおもちゃ一覧
ディズニーシリーズ（Disney）
ポケモン（Pokemon）
スターウォーズ（STAR WARS）
ベイブレードバースト
ガシャポン（ガチャガチャ）
アンパンマン
ワンピース
おそ松さん
ナルト（NARUTO）
ナーフ（Nerf）
スクイーズ

主に挑戦する企画
チョコエッグ目指せコンプリート
ピタゴラスイッチに挑戦
パーティーゲームで家族対決
親子クイズ対決
的当てゲーム（射的）
UFOキャッチャー対決

・お手紙などはこちらへお願いします☆
〒106-6137
東京都港区六本木6-10-1
六本木ヒルズ森タワー37F
UUUM株式会社 いおりくんTV宛

ビジネス関係のお問い合わせは
こちらまで⇨http://www.uuum.co.jp/inquiry_promotion",2014-09-13T13:25:49.000Z,https://yt3.ggpht.com/-VZ3wDi7MRwg/AAAAAAAAAAI/AAAAAAAAAAA/5ClI58c8m0Q/s88-c-k-no-mo-rj-c0xffffff/photo.jpg,98358333,135420,False,659,0
UCR1_4Tla5MlZlDK8WM5vklA,brother4 channel,"YouTubeが大好きな仲良し４兄弟のbrother4 channelです(^^)/

長男：いくま・次男：だいち・三男：あつき・四男：ななと
この4兄弟がおもちゃなどの商品紹介やドッキリ動画・日常動画をアップしています！

We are 4 good friend brothers who love YouTube!    
Eldest Ikuma, 2nd Daichi, 3rd Atsuki and youngest Nanato  
We hope you enjoy watching our channels! Don't forget to subscribe!

お手紙なども是非お待ちしております(^_-)-☆
〒106-6134 東京都港区六本木 6-10-1
 六本木ヒルズ森タワー 37F
UUUM株式会社　brother4 channel宛",2015-01-12T04:31:55.000Z,https://yt3.ggpht.com/-83uGWJA5XoU/AAAAAAAAAAI/AAAAAAAAAAA/OeyBytqHAeQ/s88-c-k-no-mo-rj-c0xffffff/photo.jpg,197732297,253442,False,483,0
UCCO_itOx__wopeBohj5oPkzg,ひまひまチャンネル,"UUUM専属クリエイター☆
https://www.uuum.jp/creator/

2016年6月ひまひまチャンネルスタート♪
スクイーズやスライム、ガチャガチャ、クレーンゲームが大好きです(*^-^*)
スクイーズをさがしにいろいろなスクイーズのお店に行ったり、クレーンゲームをしたりします。
主にスクイーズの購入の様子やお店紹介、購入品紹介やゲットしたスクイーズを明るく楽しくおもしろく紹介する動画をアップします♪

そのほか工作やお料理などいろいろなものを作ったり、キャンプに行ったり、お買い物したり、体験したことを動画にしてアップしていきます♪
動画は最近は毎日アップ（平日15時、土日祝は朝8時公開）しています。

お手紙やプレゼントなどは、下記のUUUM事務所までお願いします☆
*******************
〒106-6137
東京都港区六本木6-10-1 六本木ヒルズ森タワー37階
UUUM株式会社
ひまひまチャンネル宛
*******************

その他、メディア出演、お仕事等に関するお問い合わせは、
UUUMまでお願いします。
http://www.uuum.co.jp/inquiry_promotion

アカウント管理、コメント管理等YouTubeチャンネルに関する管理一式は父がしています。

I am squishy Collector.
Love squishy & Slimy!
himahima channel from japan.
Toys Squishy Slime shopping Outing...Introduction!

Please Subscribe:-)

****************************************
インスタグラムはじめました♪フォローお願いします♪♪
https://www.instagram.com/himahima_channel/
****************************************
ツイッターはじめました♪フォローお願いします(*^-^*)
https://twitter.com/himahima_chan",2012-09-05T06:48:21.000Z,https://yt3.ggpht.com/-Ej8HBAbsJ9g/AAAAAAAAAAI/AAAAAAAAAAA/Xof2XLHIizc/s88-c-k-no-mo-rj-c0xffffff/photo.jpg,98814889,124360,False,559,0
UCOwqf_QhtnDDFmylLRg4hWg,パオパオチャンネル,"「＠小豆」と「ぶんけい」の２人で動画投稿をしています。
投稿はほぼ毎日！（週5,6回+生配信1回）
気になった方は是非チャンネル登録をお願いします！

ファンレターはこちら
〒106-6137 東京都港区六本木 6-10-1 六本木ヒルズ森タワー 37階
UUUM株式会社　パオパオチャンネル宛

＠小豆
Twitter → https://twitter.com/azukin_toki
Instagram  → https://www.instagram.com/pkpk_azs/

ぶんけい
Twitter → https://twitter.com/bunkei_tk
Instagram  → https://www.instagram.com/bunkei.tk/

------------------------------------------------------------------------------------------------------------------------",2011-09-17T08:39:48.000Z,https://yt3.ggpht.com/-9xNhw9XFQFg/AAAAAAAAAAI/AAAAAAAAAAA/U5tWqq6UL9k/s88-c-k-no-mo-rj-c0xffffff/photo.jpg,115837756,505500,False,267,0
UCh1K2JtxIZLnUaTPlxPPzjw,JULIDY,"JULIA(ジュリア)＋ CODY(コーディ)＝JULIDY(ジュリディ)
カップルでYouTubeの動画配信をしています！
日々の生活やメイク、ドッキリ、カップルでのデートスポットなどの動画を配信してます！

たくさんのコメント待ってるよ💜
#JULIDY でTwitterやInstagramで投稿してね！！

💌
送り先はこちら↓
〒106-6137 東京都港区六本木 6-10-1
六本木ヒルズ森タワー 37階
UUUM株式会社 JULIDY宛

お仕事の依頼はこちらからお願いいたします。
http://www.uuum.co.jp/inquiry_promotion",2015-10-01T03:18:24.000Z,https://yt3.ggpht.com/-1N8hpUmEux0/AAAAAAAAAAI/AAAAAAAAAAA/vk-wcXqQN6k/s88-c-k-no-mo-rj-c0xffffff/photo.jpg,76333523,266354,False,449,0
UCPzqjzrvmSA9dVydRdAX6Xg,Hane & Mari's World Japan Kids TV,"皆さん、こんにちは、Hane&Mari'sWorldへようこそ！ファミリー系【Kids YouTuber】キッズユーチューバーです！はねまりチャンネルにて、おもちゃ遊び（ままごと、ごっこ遊び）大好きな姉妹はねちゃんとまりちゃんの楽しい動画をアップさせていただいております。主に、アンパンマン、プリキュア、ディズニープリンセスの最新人気おもちゃ、食玩、ガチャガチャを紹介致します。最新のチョコエッグ、バスボム、ハッピーセットも紹介します。おもしろいと思ったら、ぜひ、高評価のグッドボタン及びチャンネル登録お願いします。

Hello everyone, welcome to 【Hane & Mari's World Japan Kids TV】We are family Kids YouTuber!
We will up funny family video and The Japan latest toy play (Play house)  Video everydays.
Mainly, we will introduce Anpanman, Precure ,Disney princess latest popular toy, candy toy and Capsule Toy
(Of course We willl introduce chocolate egg, bus bomb and happy meal Toy)
I thought interesting, by all means, and subscribe please.

大家好，歡迎來到【Hane & Mari's World 日本兒童頻道】，在這個頻道為大家帶來Hane和Mari兩姐妹玩玩具的視頻視訊動畫
主要介紹日本最新的玩具（面包超人，光之美少女）和日本最新的零食玩具和扭蛋。偶爾也會玩最新的巧克力蛋，玩具沐浴劑，麥當勞的歡樂兒童套餐的附屬玩具
如果覺得我們的動畫有趣的話，請點贊和訂閱我的頻道，謝謝大家！",2014-08-27T11:40:30.000Z,https://yt3.ggpht.com/-epaAUX_yQwE/AAAAAAAAAAI/AAAAAAAAAAA/pHq5LSKKhNE/s88-c-k-no-mo-rj-c0xffffff/photo.jpg,276981871,469471,False,764,0
UC9nM3v1ZWwALi0vsVuS_v5g,SIT  /シット,"いーよ！僕は学生YouTuberです！滋賀県から動画をお届け！
みんなと一緒に動画を作っていけたらいいなって思ってます。

オールジャンルで活動していきます！！！最近ではカード開封UFOキャッチャーなど様々な事に挑戦しています！！！
みなさんの暇つぶしになれば嬉しいです！
LINE公式アカウント Twitterなどしていますので是非、友達追加 フォローよろしくお願いします！
目指せチャンネル登録者250000人！！！

◆ファンレターやプレゼント等の宛先はこちら↓
〒106-6134 東京都港区六本木 6-10-1
六本木ヒルズ森タワー 34階
UUUM株式会社　SIT宛",2014-02-02T04:05:12.000Z,https://yt3.ggpht.com/-T2u-T4FRKUc/AAAAAAAAAAI/AAAAAAAAAAA/vIz5uGZdq_s/s88-c-k-no-mo-rj-c0xffffff/photo.jpg,80362424,252418,False,871,0
UCdtFmWwPlKiCOEND_95fwiA,美音（みおと/Mioto）,"やってみた系、商品レビュー、ゲーム実況などオールジャンルで動画を投稿しております！
他にも吹奏楽動画やとび森実況、ポケモン動画など自信の得意分野の動画も投稿中！

北の大地、北海道から動画を毎日お送り致します！


▼自己紹介▼
北海道出身、在住の美音（みおと）です。自分のやりたいことを動画にして
皆さんに笑顔をお届け致します。視聴者との繋がりを大切にしております。
【美音のファンや視聴者→ミオトモ】

【2015年】
・動画投稿開始（11月）

【2016年】
・チャンネル登録者数1万人突破（7月）
・第1回オフ会 開催［札幌/東京］（7月〜8月）

【2017年】
・チャンネル登録者3万人突破（5月）
・チャンネル登録者5万人突破（10月）
・UUUM所属（11月）
・第2回交流会 開催［東京/神奈川/大阪/滋賀/仙台/札幌］（5月〜12月）

【2018年】
・FMおたる「オタ☆マニ」出演（2月）
・人狼1〜Live in the North〜 開催（3月）
・舞台人狼「ノーデンヴォルフ」出演（5月）



チャンネル登録・高評価お願い致します♪",2015-10-13T13:19:47.000Z,https://yt3.ggpht.com/-YliuHpdBIDI/AAAAAAAAAAI/AAAAAAAAAAA/TC9zAU-VwVs/s88-c-k-no-mo-rj-c0xffffff/photo.jpg,37150487,72490,False,1102,0
UCutJqz56653xV2wwSvut_hQ,東海オンエア,"どうも、東海オンエアです。
ぜひチャンネル登録お願いします！

サブチャンネル【東海オンエアの控え室】もぜひチャンネル登録してね！！！
https://www.youtube.com/channel/UCynI...

グッズ購入はこちらから！！
https://goo.gl/YtauZW

お仕事の依頼はこちらから
https://www.uuum.co.jp/inquiry_promotion

ファンレターはこちらへ
〒106-6137 東京都港区六本木 6-10-1 六本木ヒルズ森タワー 37階　東海オンエア宛

【Twitterアカウント】
てつや→https://twitter.com/TO_TETSUYA
としみつ→https://twitter.com/TO_TOSHIMITSU
しばゆー→https://twitter.com/TOKAI_ONAIR
りょう→https://twitter.com/TO_RYOO
ゆめまる→https://twitter.com/TO_yumemarucas
虫眼鏡→https://twitter.com/TO_ZAWAKUN",2013-10-13T03:25:55.000Z,https://yt3.ggpht.com/-M5KzT-_lLa0/AAAAAAAAAAI/AAAAAAAAAAA/Ajz1nbMt04M/s88-c-k-no-mo-rj-c0xffffff/photo.jpg,2213693973,3196335,False,1032,0
UClX3YSREJp3ELuv2wFAYOzA,恭チャンネル,"Twitter　@kyouitirou2525
サブチャンネル　https://www.youtube.com/channel/UCXlurN679Hgl2UxJAX493QA",2013-11-07T23:09:35.000Z,https://yt3.ggpht.com/-0StDksNl_Mg/AAAAAAAAAAI/AAAAAAAAAAA/AdfMy1BXa9U/s88-c-k-no-mo-rj-c0xffffff/photo.jpg,486086302,1044104,False,1101,0
UC__C5UUZqky2qJmG4EzRnI0g,だーしま動画チャンネル,"UUUM所属『だーしまファミリー』がお送りする『だーしま動画チャンネル』 

★パパ
1985年9月13日 生まれ 乙女座 A型 趣味：ギター・V系バンド音楽鑑賞
★ママ
19XX年1月30日 生まれ 水瓶座 O型 趣味：料理・家庭菜園
★かなとくん(5歳)
2012年8月6日 生まれ 獅子座 A型 好きな物：オモチャ
★しおんくん(2歳)
2015年4月14日 生まれ 牡羊座 A型 好きな物：電車
★あおいちゃん
2018年4月5日 生まれ 牡羊座

主に仮面ライダーやスーパー戦隊、ウルトラマンの特撮玩具レビュー！
変身シーン再現やイベントレポ、普段の子供達の様子を動画にしています。
【ほぼ毎日動画をアップ】していますので是非チェックしてみてください

ファン名称【しまリス】

◆サブチャンネル
だーしまファミリーチャンネル
（※下にリンクあり）

◆オリジナルグッズ販売中！
だーしま動画チャンネル屋さん | UUUM
（※下にリンクあり）

◆お手紙・プレゼントなどはこちらに送ってください↓
〒106-6137
東京都港区六本木6-10-1
六本木ヒルズ森タワー37F（South）
UUUM株式会社　だーしま動画チャンネル宛

コラボなどのご依頼は下のメールアドレスにてお願いします！

2013/11/24 チャンネル開設
2015/04/05 本格的にYouTuberとして活動開始
2015/05/08  MCN UUUM(ウーム)ネットワーク参加
2016/03/30 チャンネル登録者1,000人突破
2016/08　　1,087,744PV
2016/09/17 チャンネル登録者5,000人突破
2016/10　　2,286,841PV
2016/11/16 チャンネル登録者10,000人突破
2016/11　　 3,251,120PV
2017/03/21 チャンネル登録者20,000人突破
2017/04         専属クリエイターとしてUUUMに所属！",2013-11-24T10:29:40.000Z,https://yt3.ggpht.com/-QhbniAFnDac/AAAAAAAAAAI/AAAAAAAAAAA/qlsleU8bzfk/s88-c-k-no-mo-rj-c0xffffff/photo.jpg,71410542,82854,False,1559,0
UCg9mwxF0uacG3Q4N91wo2TQ,プリッとChannel,"毎日夜7時に動画投稿します。

【検証動画、実験、グルメ、ディズニー関連の動画をアップしてます！】

『プリッとChannel』です。HELLO〜

※目標！チャンネル登録者数100000人！！
早く色んな人たちにこのチャンネルを知ってもらいたいですね〜〜♬
たくさんのコメントもお待ちしておりやす☆
コラボしてくれるYouTuberの方も募集してまーーーす！！

◆チャンネル登録はこちら
https://goo.gl/Rk5uGh

◆プリッ2（セカンドチャンネル）は、メンバーの日常をのせてますので、ぜひ！
チャンネル登録お願いします！
https://goo.gl/DhDJFk

◆Twitter
プリッとChannelのアカウント
https://twitter.com/purichannel
Sasukeのアカウント
https://twitter.com/tokitsubasasuke
あごキングのアカウント
https://twitter.com/agoyuta

◆Instagram
Sasukeのアカウント
https://www.instagram.com/zashiki_sasuke/

あごキングのアカウント
https://www.instagram.com/agoyuta/

◆wear
Sasukeのアカウント
http://wear.jp/sasukepapi/

[LINEスタンプ]
サスケのきのこちゃん
https://line.me/S/sticker/1080372

《プレゼントやファンレター等の送り先》
〒106-6137
東京都港区六本木6-10-1
六本木ヒルズ森タワー37F
UUUM株式会社（South）
プリッとChannel 宛


Hey！


 I'm Sasuke from Japan.

 I'm tribute artist.


I will introduce a moving the location of the recommendations for Japan.


I'm waiting for your visit to Japan.",2015-06-07T14:07:08.000Z,https://yt3.ggpht.com/-tnM5cDjDs2c/AAAAAAAAAAI/AAAAAAAAAAA/dez5K9w-Tq4/s88-c-k-no-mo-rj-c0xffffff/photo.jpg,99307176,197498,False,878,0
UCftut9Z6S48igRNSQRDpCCg,VAMBIヴァンビ,"実写化系YouTuberのヴァンビです！！
 (アニメに出てくる【料理】や【武器】【技】などの実写化•再現をメインにしてやっています！！
他にも流行りの物や面白そうと思ったことにはチャレンジしてます！！)

毎日投稿！！
みんな仲良くしてねっ！！（＾ω＾）

コメント欄やTwitterにてご依頼待ってます！！
ツイッターURL⬇︎⬇︎⬇︎
https://twitter.com/the_Vambi


ファンレターやプレゼント等、
動画で紹介して欲しい物など(紹介されない場合もございます)
宛先はこちら！！⬇︎⬇︎⬇︎

〒106-6137 東京都港区六本木6-10-1
六本木ヒルズ森タワー37F(South
UUUM ヴァンビ宛

お仕事やコラボ動画などのご用件は
こちらのアドレスにお願い致します！！
⬇︎⬇︎⬇︎
kojika.vambi@gmail.com",2016-04-04T11:03:21.000Z,https://yt3.ggpht.com/-joLGWpRewSM/AAAAAAAAAAI/AAAAAAAAAAA/KaDRq2Lb-1I/s88-c-k-no-mo-rj-c0xffffff/photo.jpg,102133380,411380,False,598,0
UCPyNsNSTUtywkekbDdCA_8Q,はなお,"どうもおはえりすめんてん、はなおです。おはえりすめんてんは
おはよう+ミカエリスメンテンの造語です。
uuumっぽく無いですが、uuumです。uuumの闇担当です笑
文系でも楽しめる理系動画をメインに
いろいろやってます。編集には定評があります。チャンネル登録よろしくお願いしますψ(｀∇´)ψ
2017年6月1日急上昇1位、登録者増加数日本1位に輝きました！

☆twitterフォローお願いします(^^)→https://twitter.com/hanao87_0",2014-11-27T13:34:05.000Z,https://yt3.ggpht.com/-B8-xW8ucKSY/AAAAAAAAAAI/AAAAAAAAAAA/38k0OjEtLCY/s88-c-k-no-mo-rj-c0xffffff/photo.jpg,174714778,668808,False,340,0
UCIQzfXsmjUObTWvg93gySgw,robot channelロボットチャンネル,"夕方６時(ほぼ毎日）に更新（時々時間変更、複数投稿あり）
UUUM専属クリエイターです

★ファンレター等の宛先★(*≧∀≦*)
106-6137 東京都港区六本木6-10-1 
六本木ヒルズ森タワー37階 UUUM株式会社　
ロボットチャンネル宛

わたるくん（兄）・・・ロボット大好き、優しい男の子★チャンネル名は、わたるくんが考えました！
たけるちゃん（弟）・・・おちゃめでイヤイヤ期真っ最中の男の子★我が家の癒し♪
ロボパパ、ロボママ・・・夫婦でザフリーズというチャンネルをやっています(΄◉◞౪◟◉｀)
ファンシーラットのラット、猫のキャンディ、犬のカリンちゃん

家族で夢に向かって頑張っています！！

訪問ありがとうございます！応援よろしくお願いします！チャンネル登録・高評価・応援コメントともにとっても励みになります！
2016/08/25・・・チャンネル登録者数825人
2017/01/03・・・3400人
2017/3/04・・・10065人
2017/05/30・・・21171人
2017/09/15・・・44440人
2017/11/02・・・84461人
2018/01/24・・・131055人
2018/05/14・・・239873人
Please subscribe my channel.


その他に、ロボットチャンネル（裏）、ロボットゲームズ、ザフリーズというチャンネルを運営していますので、チャンネル登録よろしくお願いします！LINE LIVEでライブ配信をしていますので、フォローお願いします♪ツイッターやインスタ、Tik Tokもやってるよ＾＾",2014-08-08T04:34:18.000Z,https://yt3.ggpht.com/-NYHy1-7wTOk/AAAAAAAAAAI/AAAAAAAAAAA/feaz_6NtXcE/s88-c-k-no-mo-rj-c0xffffff/photo.jpg,114618524,258515,False,1148,0
UCsX8MJHEI5UukXoF3HLnTvg,ゴウキ/Gouki BOOK,"ゴウキです。

アニメを一人で作っています。

UUUM所属です。",2013-09-23T14:54:05.000Z,https://yt3.ggpht.com/-r9v_oxy9fKQ/AAAAAAAAAAI/AAAAAAAAAAA/XZGJhDQttUI/s88-c-k-no-mo-rj-c0xffffff/photo.jpg,214475808,231182,False,771,0
UC3LAEwEhZ0Yn3l4__WatZo2Q,えっちゃんねる/悦子,"ボンボンTVえっちゃんから個人チャンネルえっちゃんねる/悦子（ #えっちゃんねる）の１人のYouTuberとして！
今後はこちらのチャンネルに注力して【好きを見つける・見つけられる】をモットーに
3/1~ 毎日19:00に動画を更新していきたいと思います！
このチャンネルは、私単体のメインチャンネルになります＞＜！

2018年はいろんな新しい挑戦をしていくわけなのですがボンボンＴＶでは
ボンボン研究所に新たなメンバーも加わり
そしてサブチャンネル、ボンボンTVの日常
http://www.youtube.com/c/bom22tv

そして！
【個人チャンネル開設】まで来ました！
ボンボンファミリーとして、仲間としてもちろんボンボンTVにも出演しますが
えっちゃん個人チャンネルでは毎日私一人ではありますが動画を更新していきます！（毎日会えるね！）

もっと視聴者のみんなと近い存在になれる、そんな場にしていきたいので
一緒に楽しみましょう！

▽えっちゃんのSNS
Twitter：https://twitter.com/ecchan_bom2
Instagram：http://urx.blue/E0Sp

▽編集者O-LUHAくんのSNS
Twitter:https://twitter.com/o_luha

ファンレターなどの送り先はこちら！
〒106-6137 東京都港区六本木 6-10-1 37F
UUUM株式会社 えっちゃんねる宛

チャンネル開設日：2018.02.17~",2011-12-20T13:18:23.000Z,https://yt3.ggpht.com/-mIb1HIwhKlE/AAAAAAAAAAI/AAAAAAAAAAA/wMqGGSQtG2U/s88-c-k-no-mo-rj-c0xffffff/photo.jpg,57551268,311995,False,126,0
UCFKSFhVMtIu7akVuxPtXtQw,きょんくま,"ダンス動画を中心にその辺のYouTuberみたいなことをしています。
某大物アーティストのバックダンサー
世界大会DANCE DELIGHT東京戦３位入賞の
きょん（本当）
役者修行のため上京してきた元読者モデルM１グランプリ準決勝進出の
くま（大嘘）
そんな同級生二人
きょんくまで動画投稿しています！",2016-05-04T06:15:47.000Z,https://yt3.ggpht.com/-MCZLGy-pM3c/AAAAAAAAAAI/AAAAAAAAAAA/F5MkubwazB8/s88-c-k-no-mo-rj-c0xffffff/photo.jpg,74536606,207479,False,476,0
UC2RdeFmVA1PrDqmFqJMG7hA,つるつるTV / turuturuTV,"■つるつるTVとは
三人組（つる兄とリッキーとポークマン）が楽しくわいわいやりたいことをやっているチャンネルです！UUUM所属。

チャンネル登録していただけると心の底から喜びます！！

- つるつるTVの歴史 -

チャンネル登録者1,000人突破! 2013/01/29
チャンネル登録者5,000人突破! 2015/06/13
チャンネル登録者10,000人突破! 2016/05/14
チャンネル登録者20,000人突破! 2016/12/23
チャンネル登録者30,000人突破! 2017/04/09
チャンネル登録者40,000人突破! 2017/05/28
チャンネル登録者50,000人突破! 2017/06/30
チャンネル登録者60,000人突破! 2017/08/10
チャンネル登録者70,000人突破! 2017/10/09
チャンネル登録者80,000人突破! 2017/12/17
チャンネル登録者90,000人突破! 2018/02/10
チャンネル登録者100,000人突破! 2018/04/11

ファンレターはこちらへ↓
〒106-6137 東京都港区六本木 6-10-1 六本木ヒルズ森タワー 37階　つるつるTV宛

※関連リンク
*つるつるセカンド（セカンドチャンネル）
https://www.youtube.com/user/turuni2525

*つる兄のTwitter
http://twitter.com/turuni3

*リッキーのTwitter
http://twitter.com/rikky_0920

*ポークマンのTwitter
http://twitter.com/_porkman_

TwitterやFacebookなどでの共有・拡散大歓迎です(*´ω｀*)",2012-01-03T13:23:21.000Z,https://yt3.ggpht.com/-2i-XHdN3dRo/AAAAAAAAAAI/AAAAAAAAAAA/fc3DdN8duFg/s88-c-k-no-mo-rj-c0xffffff/photo.jpg,48288607,113903,False,965,0
UCD3Bl7pISGIQBDMGGP2qLQw,PARASTICA,"UUUM初女子2人組マルチクリエイター！
毎日投稿中！PARASTICA(パラスティカ)です

二人の会話と空気感が癖になる人続出中。
女性クリエーターには珍しいビューティー系のないチャンネルです！
ぜひチャンネル登録お願いします！


ファン総称《ぱらぴ》


撮影で行った場所や、カワイイ写真は
☞https://www.instagram.com/parastica_official/（Instagram）

に載せています！follow、いいね よろしくお願いします！！！！！！

ツイッターはコチラ！

〈PARASTICA公式〉@parastica_official
https://twitter.com/parastica_JP
〈まめだ〉@mame_parastica
https://twitter.com/mame_parastica
〈サワデー〉@sawadesan
https://twitter.com/sawadesan",2016-09-21T10:29:28.000Z,https://yt3.ggpht.com/-tl_h-b34YQI/AAAAAAAAAAI/AAAAAAAAAAA/ftM85-u8blg/s88-c-k-no-mo-rj-c0xffffff/photo.jpg,31734563,96323,False,434,0
UCt3u1FCTR1Sc3Eumycrzvwg,しほりみチャンネルShiho & Rimi Channel,"UUUM所属

2015年4月から本格稼働したチャンネルです。

チーム構成
・子供：主役
・母：おもちゃ、ゲーム、お菓子、雑誌の紹介映像の撮影・編集
参考動画：
①おもちゃ紹介（https://goo.gl/SZBwcZ）
②お菓子紹介（https://goo.gl/LD8nPu）
③雑誌紹介（https://goo.gl/cq8Sma）

・父：イベント参加、作ってみた映像の撮影・編集
参考動画：
①CG作ってみた（https://goo.gl/5EIiOd）
②ダンボール工作作ってみた（https://goo.gl/ela9Bt）
③遊んでみた（https://goo.gl/BtvMm8）

▼ファンレター等のあて先はこちら
〒106-6134 東京都港区六本木 6-10-1
六本木ヒルズ森タワー 37階 UUUM株式会社
Shiho & Rimi Channel 宛",2011-12-19T12:06:40.000Z,https://yt3.ggpht.com/-zAzGXi6l6VY/AAAAAAAAAAI/AAAAAAAAAAA/YVhPCSWQhFk/s88-c-k-no-mo-rj-c0xffffff/photo.jpg,82570055,66647,False,2033,0
UC0ppHLRB01LKsXoQNEI4qtQ,SRGAME,ゲームをより楽しく遊んでもらうために日々動画投稿を頑張っていきます,2013-08-22T15:49:49.000Z,https://yt3.ggpht.com/-r_ZQA-ZTi1o/AAAAAAAAAAI/AAAAAAAAAAA/v5uiKXDlsHE/s88-c-k-no-mo-rj-c0xffffff/photo.jpg,317830534,465743,False,1141,0
UC4bSJdI2RTNSld1_M_liO0w,ラッシー / LASSIE,"ゲーム実況を楽しんでやっている犬です。
あなたの忠犬です。",2015-12-26T16:04:14.000Z,https://yt3.ggpht.com/-U2OMXYzTfdU/AAAAAAAAAAI/AAAAAAAAAAA/l-Q_RQEhgFQ/s88-c-k-no-mo-rj-c0xffffff/photo.jpg,126409945,122485,False,808,0
UCzXjPL7zo0bxhOYDxLJ9YEg,ポッキー / PockySweets,"どうもポッキーです(｀・∀・´)ゲーム実況や色々な動画を投稿しています!!よろしくお願いします!!

所属事務所：UUUM",2013-07-22T05:32:42.000Z,https://yt3.ggpht.com/-Dr_SCPGGu6s/AAAAAAAAAAI/AAAAAAAAAAA/g-HOCnDiW74/s88-c-k-no-mo-rj-c0xffffff/photo.jpg,1747893370,1988332,False,1994,0
UCrUfBW0jCq2HNYCpvcW8mVw,みやゆう,"みやゆう と申します！
このチャンネルでは、ゲーム実況をメインに、様々な動画を投稿をしています！
ゲーム実況者だけど、実はバイクが一番好きだったりします。
気まぐれな為、動画更新のタイミングがつかめません( ･´ｰ･｀)


▼みやゆうパーカー販売中！▼
https://uuum.skiyaki.net/miyau

▼LINEスタンプ販売中！▼
https://store.line.me/stickershop/product/1120929/ja

▼Twitter▼
https://twitter.com/youtube_miyau

▼ツイキャス▼
http://twitcasting.tv/youtube_miyau",2011-01-16T02:37:00.000Z,https://yt3.ggpht.com/-TgL0n7NU4zs/AAAAAAAAAAI/AAAAAAAAAAA/Ki_bpwQsZ7s/s88-c-k-no-mo-rj-c0xffffff/photo.jpg,403692182,702858,False,865,0
UCKezegV3t5njyVLoeLhYi0A,ぐっちの部屋(ミラクルぐっち),"ハロハロ～！ミラクル・ミラクル・く～るく～る！ミラクルぐっちです！！
ゲーム実況ときどき実写チャンネルです！
最新情報はTwitterをチェックお願いします！",2014-03-18T18:20:42.000Z,https://yt3.ggpht.com/-ih-vubez7B4/AAAAAAAAAAI/AAAAAAAAAAA/fDk7o4Zx8R0/s88-c-k-no-mo-rj-c0xffffff/photo.jpg,1877508879,1020740,False,5089,0
UCeaXbFvR4F3uaN9vhz_WscA,たこらいす,"《たこらいす》のゲーム実況(´▽｀)／

・ゲーム実況動画（主にマインクラフト）や北海道満喫動画などを投稿していきます。
クスッと笑ってもらえるような、ほのぼの動画を作っていきますのでよろしくお願いします！！(゜Д゜)

・このチャンネルの動画で使用している、たこらいすが作曲したＢＧＭをフリー音源として配布します！！(´▽｀)／
どんどん使ってくださいね～！！

たこらいすのブログ＆BGM配布はこちら！！
http://tacorice-ch.com/


UUUM所属です！
もしお手紙など送ってくださる方はこちらまで！
106-6134 　東京都港区六本木6-10-1 　六本木ヒルズ森タワー37階 　UUUM株式会社　たこらいす宛　
までよろしくお願いします！！返信等できないと思いますが、必ず読ませていただきます！！(´▽｀)／",2013-06-07T13:49:08.000Z,https://yt3.ggpht.com/-i7RYCS_nnug/AAAAAAAAAAI/AAAAAAAAAAA/Ouf2_J0kW9Q/s88-c-k-no-mo-rj-c0xffffff/photo.jpg,219810133,358734,False,701,0
UCEZwmjAIkKR0ELgijrwRq7w,TV三浦,"UUUM所属クリエイターです。
ゲーム実況を中心に商品紹介など色んな事をやっていきます。

お仕事関係は、UUUMに問い合わせください。",2013-12-18T18:26:17.000Z,https://yt3.ggpht.com/-arcy_PpgcFM/AAAAAAAAAAI/AAAAAAAAAAA/2HFxwADvM4U/s88-c-k-no-mo-rj-c0xffffff/photo.jpg,681280591,295749,False,3049,0
UCO06KZjWOe6b1tXrgzzakZA,ぽこにゃん,"みなさん、ぽこにゃちわ！！

こちらは、ぽこにゃんのメインチャンネルでございます。
このチャンネルでは、ゆっくり実況プレイ動画を投稿しております！チャンネル登録をしていない方は是非ご登録お願いします(｀･ω･´)ゞ

また、生声実況をサブチャンネルにてアップロードしておりますので、良かったらそちらもご登録よろしくお願いします♪
ぽこにゃんのサブチャンネル→https://www.youtube.com/user/pokonyatiwa

尚、お仕事のご依頼は下記のメールアドレスにて承っております。",2012-06-02T17:18:47.000Z,https://yt3.ggpht.com/-kTsd1qkbwrg/AAAAAAAAAAI/AAAAAAAAAAA/9CkJ2wJEBKE/s88-c-k-no-mo-rj-c0xffffff/photo.jpg,609671030,570486,False,3657,0
UC66VyLEdgCot__4w8x__n0CGA,なっちのゲームチャンネル,"主にパズドラの動画をアップしています。

お仕事の依頼は事務所の方にお願いします。
リクエストや質問はTwitterに、どうぞ。",2012-02-05T07:11:33.000Z,https://yt3.ggpht.com/-ZQRjjQfaOWk/AAAAAAAAAAI/AAAAAAAAAAA/NsvH3GFwcB8/s88-c-k-no-mo-rj-c0xffffff/photo.jpg,512490884,488456,False,3343,0
UCiotlpambU2VW__eM__B2MTcg,AKI GAME TV,"【チャンネル概要】
パワプロやプロスピなどのゲーム実況を行っています。
YouTuber専門プロダクションUUUM所属。
是非ともチャンネル登録をよろしくお願いします。
リクエストや質問等はＴｗｉｔｔｅｒまでご連絡ください。
メインチャンネル↓
https://www.youtube.com/channel/UCV8yqCSuTthkle2YEYYIA7w

ーーーーーーーーーーーーーーーーーーーーーーーーー

【スポンサー募集中】
お仕事のご依頼は『ビジネス関係のお問い合わせ』か、YouTubeメッセージよりお待ちしております。
※動画制作、番組出演、コラボ、タイアップなど、できる限り対応させていただきますので、お気軽にご連絡下さい。",2014-10-03T10:51:51.000Z,https://yt3.ggpht.com/-dR1myPe4V4U/AAAAAAAAAAI/AAAAAAAAAAA/BHb-k1DapJM/s88-c-k-no-mo-rj-c0xffffff/photo.jpg,145665341,196164,False,3510,0
UC0cpUGlqr4YlEmRG7543dEg,ぎこちゃん,"ぎこちゃんのゲーム実況です。

モンスターストライクを中心に様々なジャンルのゲームをプレイしています。
①モンスターストライク
②モンスターハンターワールド
③ドッカンバトル
などなど…

ツイッターでは攻略動画撮影前に
使用するキャラなどを呟いたりもしますので
是非チェックしてみてね☆　
https://twitter.com/giko_pad
@giko_pad

是非チャンネル登録お願い致します！",2015-02-17T01:45:01.000Z,https://yt3.ggpht.com/--Bsyou2398g/AAAAAAAAAAI/AAAAAAAAAAA/5or5SdrO0oc/s88-c-k-no-mo-rj-c0xffffff/photo.jpg,552750628,662740,False,3149,0
UC9IJyg3eVynIJ__E6W2k1yHw,TUTTI,"はい！毎度おおきにTUTTIだす！
【ゲーム実況】を主にやりたい事はなんでもやります！
ゲームは【マインクラフト】【PLAYERUNKNOWN'S BATTLEGROUNDS】【モンスト】を
中心にやっています！

Twitter
https://twitter.com/tuttiTV


※お仕事依頼やなにかありましたら【UUUM】までご連絡ください！",2014-06-24T14:55:33.000Z,https://yt3.ggpht.com/-iRW604QJcvA/AAAAAAAAAAI/AAAAAAAAAAA/MJyqtNx7vp8/s88-c-k-no-mo-rj-c0xffffff/photo.jpg,115128801,179018,False,2592,0
UCv7k2MRsY9sXIAWpCOvLCjg,ヒカリナチャンネルEX,"どうも、ヒカリナです！

チャンネルのテーマは「愛と思いやりを大切に！」

短くて速いゆっくり実況プレイ動画ばっかです。
ふざけた動画が多いので、自分なりの楽しみ方を見つけてください(*´ω｀)

動画が面白いと思ったら高評価！
つまらないと思っても高評価！
開始10秒で飽きても高評価お願いします！",2014-10-04T11:33:25.000Z,https://yt3.ggpht.com/-PFrhQZf0VfA/AAAAAAAAAAI/AAAAAAAAAAA/OlaoUOsHGJ0/s88-c-k-no-mo-rj-c0xffffff/photo.jpg,102535485,187042,False,428,0
UCXqoK3nPrsCnPIxyavw0jOw,Seiji＠きたくぶ,"皆さんこんにちは✨このチャンネルでは私がプレイしたツムツムやマベツムの動画を18時～19時頃に多分毎日（笑）投稿しています！
さらに毎週水曜日・金曜日・土曜日はYouTubeライブでリスナーの皆さんと盛り上がっています♪
これからも視聴者の皆さんとのコミュニケーションを大切にし、明るく、楽しく活動していけたらと思います！よろしくお願いします(*´∀`人)

Hey guys! 
In my channel, I upload Tsum Tsum and MARVEL Tsum Tsum gameplay videos, everyday at 7PM. 
My viewers and I are also having a blast at YouTube Live, every Wednesday, Friday, and Saturday at 10:30PM.
I would love to communicate with all of you and have fun together!
Thank you so much for watching and all your continued support :)

ぜひチャンネル登録をお願いいたします👇
» http://goo.gl/JDAVgL
Please subscribe to my channel if you like my videos
If you enjoyed this video, give me a thumbs up and comment below. I would love to hear from you!",2006-07-23T15:36:06.000Z,https://yt3.ggpht.com/-PtBFWFzbTcs/AAAAAAAAAAI/AAAAAAAAAAA/szWjRYbV_nY/s88-c-k-no-mo-rj-c0xffffff/photo.jpg,93633202,126988,False,2107,0
UCP1PN9Um8z8Li__20Yauqa6A,たくっち,"ゆっくり実況でバカゲー、マリオメーカー、マインクラフト、スプラトゥーンなどの動画をUPしてます♪
どしどし更新をしているので是非よかったらチャンネル登録お願いします＾＾w Please SUBSCRIBE！ 
※動画投稿(ゆっくり実況)開始２年！uuum所属
～～～～～～～～～～～～～～～～～～～～～～～～～～～～～～～～～～～～～～～～～～～～
Hi！　I'm takucchi.　
Please subscribe to my channel.",2009-12-23T06:09:55.000Z,https://yt3.ggpht.com/-gkc1s3nibwA/AAAAAAAAAAI/AAAAAAAAAAA/tx7fsMqe0iA/s88-c-k-no-mo-rj-c0xffffff/photo.jpg,1360577590,858806,False,1227,0
UCE3JA4z__hyR3VRrsRSt3udA,はこのゴミ箱,"ポケモントレーナー兼たまに村長してます。

お仕事の依頼はUUUMまで",2015-02-13T13:48:49.000Z,https://yt3.ggpht.com/-m6yn5exo4nM/AAAAAAAAAAI/AAAAAAAAAAA/2IIMnasWeQA/s88-c-k-no-mo-rj-c0xffffff/photo.jpg,57499884,135551,False,1019,0
UCoD8jr8kjVoPxD8UVzTmTOA,実況者ねが本拠地,"雑にテキトーに。

▼お仕事依頼はこちらから▼
neganega318318@gmail.com

何かあればTwitterまで►@Negaaa318",2014-05-12T09:08:45.000Z,https://yt3.ggpht.com/-bWZSKwsoMCE/AAAAAAAAAAI/AAAAAAAAAAA/tVxhHhY8lWo/s88-c-k-no-mo-rj-c0xffffff/photo.jpg,241638547,363844,False,1354,0
UCEnkd5D__53MDGpgpiQRbUqw,よしなま,"22歳です。
目指せチャンネル登録者50万人！

↓何かありましたらこちらまでお願いします。
yosi_9801@outlook.jp",2014-06-01T16:12:04.000Z,https://yt3.ggpht.com/-CnYwp9yA3M8/AAAAAAAAAAI/AAAAAAAAAAA/R6Mrnjmno-U/s88-c-k-no-mo-rj-c0xffffff/photo.jpg,314211553,390049,False,1878,0
UCg_Wchs_AGoHrlayD_rhO0Q,ぐにすけちゃんねる,"このチャンネルではゆっくり実況や生声実況、その他色々投稿してます。
チャンネル登録してくれるとうれしいです！

{目標}      　　 登録者数10万人突破したいょ
　　　　　　　　　
{投稿ペース}　　不定期更新（まあまあ早い

{お知らせ}　　　　実況してほしいゲームなどがあればぜひリクエストしてください！

コメントは適当に返信します。

～注意～

私の動画を見て何が起きても責任は負いかねます。ご了承下ささっさっさっさい。

コメントは一部動画で使用させていただく場合があります。

企業、ビジネス関係の方々はyoutubeのメッセージではなく、UUUM株式会社までメッセージをお願いいたします。
スパムに入る可能性があるため確認できない場合があります。


検索用↓
国助さん　ぐにすけさん　くにすけ　くにすけさん　ぐにすけちゃんねる　くにすけちゃんねる　国助
国助のマインクラフト　燃え尽きるほどにマインクラフト　燃え尽きるほどにマインクラフト卜
すでに終わっているマインクラフト　ゆっくり実況　ゆっくり実況プレイ　GMOD　アクノソシキ団",2014-04-05T02:31:36.000Z,https://yt3.ggpht.com/-UH_qQDzU5Tk/AAAAAAAAAAI/AAAAAAAAAAA/1PuYA2E5J3A/s88-c-k-no-mo-rj-c0xffffff/photo.jpg,95583470,231240,False,448,0
UCHwYZJURwko88jyWxrhRZQA,くらうんっ！ちゃんねる,"どうもくらうんっ！です。
ゆっくり実況と、生声実況などを投稿していきます。

～ご注意～
・コメントは動画で使用させて頂く場合があります。
・Super Chatで頂いたお金をお返しすることはできません。
・フリートーク、メッセージ機能でのチャットはあまり確認できません

---------------------------------------------------------------------------------------------------------------
～チャンネル登録者さん～

・1万人突破   2015年
・10万人突破 2016/08/31

---------------------------------------------------------------------------------------------------------------
～PC構成、マイクなど～

CPU： Core i7 6700K
メモリ：32GB
グラボ：GTX1060

マイク：BLUE Baby Bottle   or  SM58(オススメ!!）    ※この２つのマイクはオーディオインターフェイスがないとダメです。
オーディオインターフェイス： UA-55(オススメ!!）

使用ソフト類： aviutl、gimp、クリスタ、xsplit、YMM、Audacityなど

---------------------------------------------------------------------------------------------------------------
～その他～

初ミリオン・・・ひっちゃかpart1 2015/9/6

～2017年の目標～
チャンネル登録者さん 30万人

お手紙など贈り物を送ってくださる方はこちらにお願いします！
〒106-6134 
東京都港区六本木 6-10-1 六本木ヒルズ森タワー 37階 UUUM株式会社
くらうん宛",2014-10-21T11:10:37.000Z,https://yt3.ggpht.com/-_7rbPeHY_5o/AAAAAAAAAAI/AAAAAAAAAAA/DkgwbEVvLqQ/s88-c-k-no-mo-rj-c0xffffff/photo.jpg,87115891,170947,False,338,0
UCxNjRQKDk___bVWC0VQFIJzQ,つちのこゲームズ,ゲーム実況やゲーム関係の動画をUPしていきます。,2013-10-05T06:01:09.000Z,https://yt3.ggpht.com/-QD7I2kaHYHQ/AAAAAAAAAAI/AAAAAAAAAAA/4F4HttoY3V0/s88-c-k-no-mo-rj-c0xffffff/photo.jpg,197382537,171001,False,3524,0
UCyFN8ul17Ov5oDr_lsjZODg,ふうはや,"ども、実況者ふうはやです！

気分屋実況者

リアルと両立して生きていく



Twitter:@fuuhaya_
--------------------------------------------------------
実況者:ふうはや

性別:男

大学生

目標登録者:30万人
------------------------------------------------------------
※更新が止まっている動画は打ち切りの時があります。申し訳ない！
------------------------------------------------------------
※タイアップ募集中※
下のメールアドレスより受け付けております。",2012-05-06T08:45:09.000Z,https://yt3.ggpht.com/-UzBnu26v8z8/AAAAAAAAAAI/AAAAAAAAAAA/CuRcOmVvclc/s88-c-k-no-mo-rj-c0xffffff/photo.jpg,105478511,223200,False,686,0
UCmE4PWzOmGXz4eoYD_6jZ0g,Fate Games,"どーも！Fateと申します！

ゲーム実況メインで動画上げております！楽しんでいってください！(*´ڡ`●)


Twitter是非フォローお願いします➡https://twitter.com/FateGames1


Twitter検索は➡@FateGames1


LINEお友達登録は@fategamesで検索！！


サブチャンネルは→https://www.youtube.com/channel/UCwaKMOSBktUJ4dh1ELimj8w


連絡はこちら▶fategames00@gmail.com",2015-07-02T06:02:58.000Z,https://yt3.ggpht.com/-FIw9nDyFWGI/AAAAAAAAAAI/AAAAAAAAAAA/HbSXheIlwhY/s88-c-k-no-mo-rj-c0xffffff/photo.jpg,304869365,316381,False,1312,0
UCh7bThzNArch6TgoHB1HVhA,JPAPA CHANNEL,"どーも！じゃぱぱです。色々な方々と一緒に、マインクラフトを中心に実況をやっています。

このチャンネルでは「楽しく」をモットーにゲーム実況していて色々な事に挑戦し、新しい事を発見できたらいいなぁと思っています。
動画が面白い！と感じたらチャンネル登録よろしくお願いします。

ーーーチャンネル登録者数150000人突破!ーーー
本当にありがとうございます！",2015-05-26T08:38:42.000Z,https://yt3.ggpht.com/-G43TgtJ-xRY/AAAAAAAAAAI/AAAAAAAAAAA/ndvP2fFVt0U/s88-c-k-no-mo-rj-c0xffffff/photo.jpg,102172024,170934,False,172,0
UC5l9qmpr3ym8BpyKCHio5kQ,とらいあんぐる,"主にマリオメーカーやマイクラを毎日投稿しています♪
もしよろしければチャンネル登録よろしくお願いします( ^^) _旦~~

ツイッター
https://twitter.com/dogjunnemu",2015-04-13T04:30:05.000Z,https://yt3.ggpht.com/-EG9EgWZj-K0/AAAAAAAAAAI/AAAAAAAAAAA/sHH4lqak3S8/s88-c-k-no-mo-rj-c0xffffff/photo.jpg,206131308,189949,False,2128,0
UCgpmBtbVmsfwqhU_pU5CA3g,ぺん ぺん,"ぺんぺん　と申します! 

モンストランク９００⇑!
【モンスト】　攻略動画をあげております!!",2016-02-07T14:38:58.000Z,https://yt3.ggpht.com/-ihjhShItT80/AAAAAAAAAAI/AAAAAAAAAAA/6q4-SFwpLw4/s88-c-k-no-mo-rj-c0xffffff/photo.jpg,264985550,337663,False,1596,0
UCSrnV0SB1W2mYW4YMc9VTmg,CO-DAのぐっばいちゃんねる!,"どうも、CO-DA（コーダ）です！　
主に実況プレイ動画を投稿していますが、たまに顔出し動画もあります！
ゲームのジャンルとしてはマリオメーカーや音楽ゲーム、ホラーゲームが多いです。
特にホラーゲームかなりのビビリプレイ。
ほかにはスマホゲームの紹介だったりラップを歌ったりと、毎日気ままにアップしています。
ぜひ少しでも楽しんでいただけたら嬉しいです！ぐっばいちゃ！！

◆このチャンネルURL（コピーする際などにお使い下さい！）
https://www.youtube.com/c/codaryu2nd

◆投稿日時
平日・土日・祝日関わらず毎日投稿！！
たまに１日２つ以上動画投稿するときもあります！
また生放送もたま〜にやってます！
※投稿時間が遅れる場合などは僕のTwitterでお知らせします！

◆現在進行中の動画（17/06/08）
・スーパーマリオメーカー（WiiU）
・マリオカート8デラックス（ニンテンドースイッチ）
・マインクラフト（PC）
・その他色々！！

◆ファンレターなどの送り先はこちらからお願いします！↓
UUUM株式会社 - CO-DA宛
〒106-6134 東京都港区六本木 6-10-1
六本木ヒルズ森タワー 37階
（尚、食べ物は受け取ることができません。ご了承ください。）",2014-03-15T13:16:41.000Z,https://yt3.ggpht.com/-4ThnVxHSJys/AAAAAAAAAAI/AAAAAAAAAAA/pwjl8L5wVuA/s88-c-k-no-mo-rj-c0xffffff/photo.jpg,144395009,182702,False,1321,0
UCSdiXqnTXy6hukTURUIZbIg,オダケン Games,"てきとーに好きなものを投稿します。
自分が１番はしゃいで楽しんでゲームしているので基本ルールを無視して独自のルール設定でゲームをやることが多々あります！
なので、それが嫌な方は注意が必要！

オダケンゲームズチャンネルをよろしくお願いします!!!

【ゲーム実況の初投稿日】
2016年９月１日～",2015-01-10T08:42:41.000Z,https://yt3.ggpht.com/-Ay9q2mX_t74/AAAAAAAAAAI/AAAAAAAAAAA/rAPCAilgR7g/s88-c-k-no-mo-rj-c0xffffff/photo.jpg,88425851,146593,False,500,0
UCZ5yaAP0B__tBKl63ABFmqVQ,パンミミちゃんねるん,"みなさん、こんにちは！パンミミです！！

ただただゲームが好きなだけの実況者です！
でも滑舌がかなり悪いため実況者として致命傷・・・
とにかく大きな声で楽しみながら実況するのでよろしくお願いします♪

現在は主に　スプラトゥーン　マリオカート8DX　DBD　パワプロ　をやってます！
投稿ペースは、一週間に15本くらいを目標にしてます！

UUUMに所属しているので、お仕事の依頼などはそちらにお願いします！

☆ファンレターやプレゼント待ってるよ☆

〒106-6137 東京都港区六本木 6-10-1 六本木ヒルズ森タワー 37階
UUUM株式会社　パンミミちゃんねるん宛


～2016年～

1月18日　チャンネル登録者1000人達成
3月   5日     チャンネル登録者5000人達成
4月20日  チャンネル登録者10000人達成
7月16日　チャンネル登録者20000人達成
11月5日　チャンネル登録者30000人達成

～2017年～

3月31日　チャンネル登録者50000人達成
8月18日　チャンネル登録者77777人達成
11月30日  チャンネル登録者100000人達成",2015-04-03T12:31:03.000Z,https://yt3.ggpht.com/-12h_fFanTE8/AAAAAAAAAAI/AAAAAAAAAAA/AmepLoZ7fVs/s88-c-k-no-mo-rj-c0xffffff/photo.jpg,96659513,178002,False,1729,0
UC__8H678xX1SNBOM10_ReY6Q,ゆきや,"こんにちは！こんばんは！ゆきやです～

このチャンネルではゲーム実況をしていきます(´・ω・`)
主にPS4マイクラです！違うゲームとかも、たまに投稿するのでよろしくお願いします('◇')ゞ

【欲しいものリスト】
http://amzn.asia/fnwy8M1

【Twitterアカウント】

普段の出来事やゲームのことをツイートします！　ID:YUKIYA0319

【LINE@アカウント】

たまに、個人チャットができるイベントやタイムラインなどに動画情報をお伝えします！　ID:lky4217

良ければ、登録よろしくお願いします！",2015-01-22T06:21:09.000Z,https://yt3.ggpht.com/--5T_oWLcfXE/AAAAAAAAAAI/AAAAAAAAAAA/pyXzpU1_94Y/s88-c-k-no-mo-rj-c0xffffff/photo.jpg,83912193,151548,False,279,0
UCkS_L8KIQ93C4zMcMrWudkA,しゅーや,"オッスオラしゅーや
自分のやったプレイ動画や実況動画をアップしてるよ

基本的にやりたいゲームをやりたいように実況するので、リクエストは受けていません。
~の続きを上げてくださいとか言われても、自分の上げたいタイミングで上げます。

動画は棒読みちゃんが入っているものは
ひまわりストリームで生配信しながら録画したものをアップしています。

コメントは動画の説明を読んでからにしましょう。動画の説明に書いていることを質問している人もいます。

最近ネタバレコメントをする人が増えています。ネタバレコメントは消します。
この動画で初めて見る人がいることを考えてコメントしましょう。
同じ人によるネタバレが続くようならブロックします。
その動画にまったく関係ないコメントも消します。

ゲームのフレンド等は交換しませんのであしからず",2009-11-08T12:40:39.000Z,https://yt3.ggpht.com/-31mjHMKO4_8/AAAAAAAAAAI/AAAAAAAAAAA/vxzfK7p9OUY/s88-c-k-no-mo-rj-c0xffffff/photo.jpg,758957966,392322,False,7847,0
UCM3yhFc0__fBFuvqx1Vg2YNQ,まいぜんシスターズ,"僕たち2人は頑張る！『ゲーム実況の傑作をつくる』まで。
応援よろしくお願いします！！


【ぜんいち】
声が高いほう。ゲーム上手い。正統派プレイヤー。
ゲーム実況の傑作を作ることが夢。その夢をかなえるためにYouTubeでの活動を開始した。

【ぜんまい】
声が低いほう。普段はふざけてゲームをプレイしているが本気を出すと最強との噂がある。
みんながマナーよくゲームを楽しめることが夢。その夢のために啓蒙活動を続ける。


ファンレターやプレゼントはこちらまで
〒106-6137 東京都港区六本木 6-10-1 六本木ヒルズ森タワー 37階
UUUM株式会社  まいぜんシスターズ宛


コラボ、支援、ご協力のご依頼は
zaktvgame@gmail.comまでご連絡ください。

https://twitter.com/zen1_seka1",2015-05-16T18:04:54.000Z,https://yt3.ggpht.com/-pdb3ZASNpXw/AAAAAAAAAAI/AAAAAAAAAAA/boJmQKPXfmI/s88-c-k-no-mo-rj-c0xffffff/photo.jpg,57881435,118039,False,568,0
UC0_nOHqfcBd8Jzx9YGXJ6AQ,きょうぺいちゃんTV,"好きなゲームをいろんな角度から楽しんでいきます！
良かったら登録お願いします☆

2018.6　チャンネル登録10万人突破！
Thanks！

所属事務所:UUUM
お仕事のご依頼などは全て事務所にご連絡お願いいたします。",2015-04-02T19:17:38.000Z,https://yt3.ggpht.com/-BpkPIkWS6M4/AAAAAAAAAAI/AAAAAAAAAAA/jc24z_Cpzd0/s88-c-k-no-mo-rj-c0xffffff/photo.jpg,78831906,108736,False,722,0
UCiJvvLq45i4sC4__dTiV88SQ,トムとマルクの実況チャンネル,"ゲーム実況動画を投稿している...トムとマルクです！
主にマインクラフトの動画を投稿しています。

毎日動画を投稿することを目指しているのでぜひ皆さんも見に来てください ＼(^o^)／

動画がおもしろければ登録よろしく！

マイクラID
Tomoya
MBMarc97",2012-06-01T16:41:31.000Z,https://yt3.ggpht.com/-lKLDsek7rX8/AAAAAAAAAAI/AAAAAAAAAAA/1YX_BUxwVSg/s88-c-k-no-mo-rj-c0xffffff/photo.jpg,408511534,503991,False,1265,0
UCXqocGp__RQ_sTw8EpPDg10A,ななとGames,"どうもななとだよ。
主にスプラトゥーンの実況動画を出してるよ。
ツイッターもやってるのでフォローよろぴく。
ご用事のある方はツイッターのDMまたはYouTubeのメッセージにて連絡お願いします。",2016-01-03T19:02:38.000Z,https://yt3.ggpht.com/-09DSPYFkqxA/AAAAAAAAAAI/AAAAAAAAAAA/j0BwI8v7AIY/s88-c-k-no-mo-rj-c0xffffff/photo.jpg,101328422,186904,False,699,0
UCmol_xpWkIbQU0ZCuinqpQA,ちゃあ/chaa's,"基本的にゲーム実況をメインに活動しています！

毎日楽しくマリオメーカーを実況しています(´・ω・`)

よくオネエ口調をいって勘違いされますがホモ、バイではありません！！
好きな性別は女性一択なのでご注意を！！！！",2015-12-15T13:56:58.000Z,https://yt3.ggpht.com/-yruUebBmFsY/AAAAAAAAAAI/AAAAAAAAAAA/bZZI6U4vL2o/s88-c-k-no-mo-rj-c0xffffff/photo.jpg,47025121,79853,False,851,0
UCfCY70zRsvnnKzQ39mBq0rw,sasakiasahi,"Hello, I'm Asahi Sasaki from Japan.
I make video tutorials about how to do makeup, fashion, hair and nails :)
Originally, I used to upload beauty videos using my old channel, ""manwomanfilm,"" but now you can mostly find me on this channel.
I have never studied at a beauty school. I learned mainly from gurus on YouTube and in fashion magazines.
I get inspiration from fashionable Japanese women and little things around me. For example, flowers blooming in the garden or packages of sweets....
In my videos, I use beauty products that are reasonably priced. I bought most of them by myself.
I also work as a model and a dancer on the side, but what I want to do most is to keep making makeup videos here.
Thank you so much for your support :)
and Please Subscribe !!",2007-05-18T16:50:51.000Z,https://yt3.ggpht.com/-OjRVBy5YcQ8/AAAAAAAAAAI/AAAAAAAAAAA/Q1lyjw4sU9I/s88-c-k-no-mo-rj-c0xffffff/photo.jpg,140483719,782651,False,445,0
UCr__QcqNToYablI__jU2VPVSw,くまみき/Kumamiki,"Japanese Kawaii Culture and life style videos.

こんにちは！くまみきです！
DIY、メイク、ヘアアレンジをメインに動画をアップしています☆",2013-08-19T11:33:31.000Z,https://yt3.ggpht.com/-gKC6XpwFyw8/AAAAAAAAAAI/AAAAAAAAAAA/Tmvkec__qwM/s88-c-k-no-mo-rj-c0xffffff/photo.jpg,263238091,640278,False,1015,0
UC__AsSnEuyVgO9TWvZE_ziA,SekineRisa,"どちらかというとマルチよりのチャンネルです。
時々30分以上の動画が上がりますが、そちらは作業用となっております。

なので動画が長いというクレームは受け付けておりません。作業用です。
速度調整してお楽しみいただければと思います。

メイクやコスメも好きですが、旅行が好きなのでなんの参考にもならないパッキング動画をよくあげています。
2018年は今まで以上にやった事ないことに挑戦できたらなと思っています。

よろしくお願いします。



お問い合わせはUUUMにお願いいたします。
http://www.uuum.co.jp/inquiry_promotion",2012-02-27T08:10:19.000Z,https://yt3.ggpht.com/-REblVujEhXU/AAAAAAAAAAI/AAAAAAAAAAA/HlN0jUJwsHE/s88-c-k-no-mo-rj-c0xffffff/photo.jpg,339281621,1108302,False,758,0
UCgpq8b6bCzkSLquNQeSE6QQ,Kawanishi Mikiかわにしみき /,"ε=＼＿○ﾉ ｲﾔｯﾎｰｩ！ε=＼＿○ﾉ ｲﾔｯﾎｰｩ！ε=＼＿○ﾉ ｲﾔｯﾎｰｩ！………ε=＼＿○ﾉ ｲﾔｯﾎｰｩ！

河西美希の河西美希による河西美希得なチャンネルヽ(・ω・)/

猫かぶりなこっちのチャンネルでは見せない
私がみれる みきぽんのじゆうちょう。 というふざけたチャンネルもあるので
そちらもチェックして見てくれたら逆立ちして喜びます。

常にネタ切れなのでリクエスト、コメント、ファンレター
頂けると励み、バゲ気味になります。ありがとうございます。

▼ファンレターはこちら
〒106-6137 東京都港区六本木 6-10-1 六本木ヒルズ森タワー 37階UUUM株式会社 かわにしみき 宛

お仕事のご連絡はUUUMへよろしくお願い致します。",2017-05-09T15:54:46.000Z,https://yt3.ggpht.com/-QlBlCRhddBI/AAAAAAAAAAI/AAAAAAAAAAA/iPcy-cFyhQY/s88-c-k-no-mo-rj-c0xffffff/photo.jpg,72787552,757322,False,125,0
UCPJWRurNJglKzESrdQRxSMQ,Nami Channel,"▶︎ Subscribe to my channel 
https://www.youtube.com/c/namich

🌹Instagram 
http://instagram.com/nami_ch

🕊Twitter 
https://twitter.com/nami_ch_

👶🏻July2017.Babyboy 

🐈Ragdoll #Rutileくん

💌 106-6137 
東京都港区六本木6-10-1 六本木ヒルズ森タワー37F(south) UUUM 

メイクはもちろん、ずっとファッションのお仕事に携わっていたので、ファッションや、料理、VLOG、旅行、愛猫、購入品、DIYなど好きな事や、ライフスタイルを動画でupしています。
どうぞ宜しくお願いします♡",2014-05-04T06:01:06.000Z,https://yt3.ggpht.com/-sxyovvpe9ww/AAAAAAAAAAI/AAAAAAAAAAA/fNpYHhBvQJE/s88-c-k-no-mo-rj-c0xffffff/photo.jpg,49520392,221824,False,269,0
UC2rbyOa3Jo7vGSibqKcRjqw,AmiBeautyTV,"初めまして！AmiBeautyTVのAmiです！
主にメイク動画をアップしています！

その他にも動画が大好きなのでいろいろな動画をアップすると思います＾＾

私が楽しんで作った動画が誰かのハッピーになったらいいなーと思ってます！


愛を込めて。。Ami",2013-11-28T16:18:18.000Z,https://yt3.ggpht.com/-EFlGuZuWrzk/AAAAAAAAAAI/AAAAAAAAAAA/CGa-h0Bgj78/s88-c-k-no-mo-rj-c0xffffff/photo.jpg,52593863,195467,False,301,0
UCeuXaGY8GnnRniSxsM5PYFg,MizukiTV,"雑誌「Ray」専属モデルの西川瑞希（みずきてぃ）が、ファッション、メイク…などなど人気モデルならではの役に立つ情報を動画でどんどん配信していきます♪「美容モデル」ならではの美容に関するノウハウも満載だよ♡

【毎週金曜日 20:00 更新！】
ぜひ毎週金曜日、夜8時にチェックしてくださいね♪

動画で見たい事のリクエストも募集中♪
コメントを残してくださいね(^ω^)

Hi, Everybody.
Im Nishikawa Mizuki(Mizukitty) as Japanese fashion model.
(Contracted model of Japanese fashion magazine ""Ray""）
I have dispatched movie at youtube about Hair arrangement, Makeup, Lifestyle,and so on.
You can catch up a infomation that make a fun everyday for girls!

Enjoy :')",2014-08-06T04:26:55.000Z,https://yt3.ggpht.com/-cfP8ZjMpJfM/AAAAAAAAAAI/AAAAAAAAAAA/IQdI544t_go/s88-c-k-no-mo-rj-c0xffffff/photo.jpg,20228065,96330,False,224,0
UCi4Odk8FP4SZY6l_y2oxKXg,mikashindate,"こんにちは！みかです♡
メイクやファッション、ネイル、ヘア、フレグランスや
日常のくだらない動画などをご紹介しています！

私の動画をみて、
少しでもHAPPYになっていただけると嬉しいです(˘³˘) ゜ +. ゜

チャンネル登録していただけると喜びます*\(^o^)/*",2014-04-01T06:35:37.000Z,https://yt3.ggpht.com/-8O07_sJTbNk/AAAAAAAAAAI/AAAAAAAAAAA/Ron-IQf1tCU/s88-c-k-no-mo-rj-c0xffffff/photo.jpg,30805710,152384,False,241,0
UCoFQy9Q7tzxwMEbDw9t66PQ,TheMorusaism,"Hello,I'm Japanese hair stylist.

I am teaching how to make various hair styling.

Please subscribe my channel. 


主に髪のセット動画を撮っています。

チャンネル登録・高評価お願いします!!

Twitterとブログ始めました！
 フォローと購読お願いします♪",2012-04-06T19:02:41.000Z,https://yt3.ggpht.com/-nPel-taOs2E/AAAAAAAAAAI/AAAAAAAAAAA/Oovjyaoj2zc/s88-c-k-no-mo-rj-c0xffffff/photo.jpg,162216143,621219,False,444,0
UCL__a2oIp9rekDc3Z79uTUPg,三科光平,"三科 光平 (ミシナ コウヘイ)
ツイッター　@kouhei347
平成元年１月１６日生まれ ２９歳
原宿にある美容室、OCEAN TOKYO harajukuの代表取締役をしています。
美容をメインに、たくさんの方の力になりたく動画配信をしています！

チャンネル登録、高評価をお願い致します！



お仕事のご依頼は
kouhei.mishina@gmail.comまでお願い致します。",2013-06-17T13:28:55.000Z,https://yt3.ggpht.com/-6lNVsy1pRh8/AAAAAAAAAAI/AAAAAAAAAAA/5Hw1dHvVImU/s88-c-k-no-mo-rj-c0xffffff/photo.jpg,90718868,312676,False,587,0
UCmsA3A5_HKBwI9OktSttTFg,fukuse yuuriマリリン,"makeを主に発信しております
福世優里（yuuri　fukuse）23歳です
あだ名はマリリンなので是非マリリンと読んでください♡

昔からコンプレックスだった""見た目""を生かして皆さんにメイクの楽しさ
メイクの素晴らしさ、変化の楽しさ、努力の楽しさ、人生の素晴らしさを
皆さんにお伝えできていけたらと思ってます。

是非楽しんでみてください♡

Hello, my name is Yuuri Fukuse. Please call me Marilyn!
I am 22 years old, and I love to upload make up videos.

I have always loved to change my looks with make up.
Power of Makeup is incredible.
I hope I can show the significance of challenging yourself,
excitement of changing your looks, and the importance of life to many people through my videos.
Thank you for watching and 


是非フォローお願いします。
Twittew　【http://twittew.com/no5yuurin】
Instaguram【http://www.pikore.com/yuuri₋fukuse】

簡二重の作り方
https://www.youtube.com/watch?v=lyol4oNdwSk

DISNEY MAKEUPはこちら↓
白雪姫makeup https://youtu.be/looPvCkM3uk
オーロラmakeup https://youtu.be/hmKQzvaIef4
アリエルmakeup https://youtu.be/bjgvsSzirpM
ジャスミンmakeup https://youtu.be/wCv_kI7MD0g
シンデレラmakeup https://youtu.be/XZx_EFPWNJ0
マレフィセントmakeup https://youtu.be/vl964HSywYE",2015-03-19T15:15:51.000Z,https://yt3.ggpht.com/-PWhGLzZ4W18/AAAAAAAAAAI/AAAAAAAAAAA/pkGMxCZCAMg/s88-c-k-no-mo-rj-c0xffffff/photo.jpg,125576839,497436,False,453,0
UCtVnAr55ALHAuI7Yyz4GZWg,ayanonono,"フリー&チャレンジ系YouTuber!!
現役女子大生あやのです！

いろんなことにチャレンジしていきます！！",2014-07-20T16:33:45.000Z,https://yt3.ggpht.com/-K_svxad-t80/AAAAAAAAAAI/AAAAAAAAAAA/Xk6K0AsaOnM/s88-c-k-no-mo-rj-c0xffffff/photo.jpg,79345284,336907,False,394,0
UCNS93jTKjnzNG7pYUCN5PrQ,日向結衣,"どーも日向結衣です！
現役体育大生ｗ(月)(火)(金)(土)たまに(水)で更新中
自分がふとやりたい！って思ったことを投稿してます☆
オールジャンルで挑戦中♡(笑)最近メイク動画に目覚めたw

少しでもいいと思ったらチャンネル登録お願いします
体育大生の底力みせたろか～★！",2014-11-19T20:09:15.000Z,https://yt3.ggpht.com/-9mtL5zBesDs/AAAAAAAAAAI/AAAAAAAAAAA/gXD6cJzqknA/s88-c-k-no-mo-rj-c0xffffff/photo.jpg,79307790,193645,False,666,0
UC69xoWl5__Y3m__oRFTORIbKw,さぁや saaya,"こんにちは〜！さぁやです！


メイク、ヘアー、ファッション
姉弟動画、日々の出来事などの
動画をアップしています（´-`）.｡oO（♡

UUUM所属


（ファンレターの宛先）

〒106-6137
東京都港区六本木6-10-1 六本木ヒルズ森タワー 37階
UUUM株式会社  さぁや宛





チャンネル登録よろしくお願いします♡



TwitterやInstagramの
フォローもよかったら
よろしくお願いします！",2015-08-20T09:23:21.000Z,https://yt3.ggpht.com/-qv-QK08OfPk/AAAAAAAAAAI/AAAAAAAAAAA/XL5_fniwFqI/s88-c-k-no-mo-rj-c0xffffff/photo.jpg,271267225,946021,False,543,0
UCOZ7Kq5_VWBC__TtteAcsRBg,こうじょうちょー,"初めまして！笑顔生産株式会社の工場長です(*'ω'*)
DIYやセルフネイル・メイクなどなど私の好きなことを投稿しています。
チャンネル登録嬉しいです★

お仕事などの依頼はこちら
9capuricox24@gmail.com",2014-07-13T23:42:43.000Z,https://yt3.ggpht.com/-AE77MZygHb8/AAAAAAAAAAI/AAAAAAAAAAA/vzIaWE8Twps/s88-c-k-no-mo-rj-c0xffffff/photo.jpg,149812161,288617,False,886,0
UC5cDspT0XR1E3GpwVyOnwAA,ZyonMana,google+に登録していないとコメントはできても僕からはコメントを返せません。ですが、コメントしてくれるだけでもすごく嬉しいですb　なのでコメント高評価、チャンネル登録よろしくおねがいしますb,2014-10-29T16:26:22.000Z,https://yt3.ggpht.com/-8M-a7EY8YlQ/AAAAAAAAAAI/AAAAAAAAAAA/PEOvr_P7HdQ/s88-c-k-no-mo-rj-c0xffffff/photo.jpg,108293499,281709,False,418,0
UCWCyPnPy6TYi_ONU3o_ENHw,なつましhouse,"なつましhouseへようこそ〜！！
基本毎日PM2:00くらいに動画を公開してます！
なっちゃんとまーしー二人のバトルをお楽しみください

まーしーの美容師的動画も出すよ！

まーしー勤務美容室の【東京 表参道・青山の美容室Lily/リリィ】→
http://beauty-architect.com/lily/
LINEでのお問い合わせや予約こちらLINEID　→
https://line.me/R/ti/p/%40sgl0150x
なっちゃんまーしーグッズはこちら　→
https://goo.gl/JztB48",2011-06-20T23:50:05.000Z,https://yt3.ggpht.com/-6GmjfW-ZwO4/AAAAAAAAAAI/AAAAAAAAAAA/_GoQ31xLnuY/s88-c-k-no-mo-rj-c0xffffff/photo.jpg,97558220,158465,False,1703,0
UCM_Ll26nXOkscq0YSpBmgyg,ほしのこCH,"はじめまして、ほしのこです。
ジャンル問わず投稿していこうと思います。

常に新しい発見をし、新しいことに興味を持ち、新しいことにチャレンジし続ける
ということがモットーです！！

▶︎UUUM所属
▷〒106-6137
東京都港区六本木6-1-1六本木ヒルズ森タワー37階
ほしのこCH 

よろしくお願いします★",2015-03-01T16:56:26.000Z,https://yt3.ggpht.com/-P8luP9icllg/AAAAAAAAAAI/AAAAAAAAAAA/qFApBFhMRU0/s88-c-k-no-mo-rj-c0xffffff/photo.jpg,45428356,157478,False,259,0
UCPJOCEIyI3gxXbTqKSsViqg,池田真子 MakoChannel,"こんにちは！池田真子です！！
MakoChannelは【毎日20時】に公開してます♪
不定期でYouTubeライブも配信！

100均に関することを中心に、DIYアイデア(100均DIY)、コスメ、メイク、購入品、簡単レシピ、コーディネート、音フェチ、韓国、Vlogなど、幅広く更新中！

新曲のMVなどもアップして行きます♩

池田セカンドはゆる〜く不定期更新です☆
ママライフ チャンネルではMCとして出演させて頂いています！

■Twitter→@im757
■Instagram→@mako_ikeda

「My name is Mako Ikeda!
I am a singer and ａｍ a creator!
I upload make and an animation of cosmetics and DIY!」

ーーーーーーーーーーーーーーーーーーーーーー

■池田真子(いけだ まこ) とは
アーティスト、YouTuber、with専属読者モデル、広告モデル、コスメレポーター、100均DIYの連載記事の執筆、757のハンドメイドアクセサリーの企画、製作、販売など幅広く活動しています。

2015年7月に全国デビュー。2018年1月31日に、3rdシングル『I believe』が配信限定リリース！新プロジェクトとして池田真子が作曲。

MVやレッスン風景など音楽活動の面や、雑誌撮影の裏側も時々お届けしています♩

ーーーーーーーーーーーーーーーーーーーーーー

▽オリジナルブランド""757""の販売サイト
→http://ikedamako757.thebase.in/

▽ファンレター宛先
〒573-1151
大阪府枚方市東牧野町27-1 ラ・ブリース京阪牧野 816号室
TC4MATRIX-Music Production- 池田真子 宛",2015-10-10T13:52:58.000Z,https://yt3.ggpht.com/-qYsuyaAH6Zc/AAAAAAAAAAI/AAAAAAAAAAA/UzrItcXFw-s/s88-c-k-no-mo-rj-c0xffffff/photo.jpg,61666065,179126,False,834,0
UC4__TMrb7Mm4KnYx1VsUgcJA,あいり,"はじめまして！あいりです。
ご覧の通り、楽しいことが大好きなちょっと面白い人間です。


「いつもいつでもいつまでも可愛い女性」を目指しながら
メイクやファッション、どうでもいい私の日常をアップしていきます。結果マルチです。

私の動画でたくさんの方が笑顔に、そして元気になってもらえたら嬉しいです。

Twitter　https://twitter.com/aaiirrii1110
Instagram　https://www.instagram.com/airi_happy/


【ファンレター等の送り先はこちら】
 〒106-6137 東京都港区六本木 6-10-1
六本木ヒルズ森タワー 37階　 UUUM株式会社
あいり宛

【お仕事のご依頼はこちら】
https://www.uuum.co.jp/inquiry_promotion

こちらからお問い合わせいただけると嬉しいです！
よろしくお願いいたします。",2012-08-05T05:30:48.000Z,https://yt3.ggpht.com/-BBg_Wxf4OP8/AAAAAAAAAAI/AAAAAAAAAAA/JPbS5yOJDmg/s88-c-k-no-mo-rj-c0xffffff/photo.jpg,29083920,98288,False,354,0
UCLO1yCo0gDgpXhyM0fXfXXA,nanachannel,"ようこそ( ´∀｀)nanachannelへ⭐︎
【UUUM】【reel】一期生
2017年４月からYouTuberでの活動を
始めました(( _ _ ))♡

一児のママとして育児にも奮闘中！！

主に美容系をアップしていきます⭐️
チャンネル登録宜しくお願いします❤️(^ ^)

TwitterやInstagramもやってますので
フォローお願いします（ ; ; ）

お手紙などはこちらで待ってます！！
UUUM株式会社
〒106-6137 東京都港区6-10-1六本木六本木ヒルズ森タワー37F
nanachannel　宛",2015-04-22T16:08:03.000Z,https://yt3.ggpht.com/-uv-mBxbN72E/AAAAAAAAAAI/AAAAAAAAAAA/HFDNGqDzb64/s88-c-k-no-mo-rj-c0xffffff/photo.jpg,25428448,124781,False,316,0
UCgeaaH__K9__SLzMljthC9cwA,ABTVnetwork,"◇企業実績 ◇
日本モバイルカレッジ株式会社／株式会社リンクアカデミー／日本コロンビア株式会社／
ワーナーエンターテイメントジャパン株式会社／株式会社ブティック社／
株式会社エイチ・アイ・エス／パナソニック株式会社／株式会社リクルートホールディングス／
サムスン電子ジャパン株式会社／株式会社 東芝／パラマウント・ジャパン合同会社／
大塚製薬株式会社／WILLER TRAVEL株式会社／沖縄県・八重瀬町商工会／
ヒューマンアカデミー株式会社／リカサ株式会社／アート・クラフト・サイエンス株式会社／
株式会社GOLUCK／株式会社 発毛.com／トロシステムズ株式会社／三菱鉛筆株式会社／
株式会社ドリーミュージック／freee 株式会社／株式会社ＦＸトレード・フィナンシャル／
野村不動産アーバンネット株式会社／株式会社COM2US JAPAN／ひかりTV／CROWN VenuS／
タイガー魔法瓶株式会社／海外ドラマ専門チャンネル スーパー!ドラマTV／
Short Shorts Film Festival & Asia／スリーエム ジャパン株式会社／ソニー株式会社／
株式会社ハーバー研究所／日立製作所／日本コカ・コーラ株式会社／デジタルハリウッド大学／
シャディ株式会社／江崎グリコ株式会社／株式会社彩ファクトリー／トキハ産業株式会社／
株式会社ジアス／日本放送協会／USハイブッシュブルーベリー協会／アース製薬株式会社／
株式会社アンセル・ヘルスケア・ジャパン／内閣府／アマゾンジャパン株式会社／
関西医療学園専門学校／株式会社WOWOW／KDDI株式会社／株式会社アティカス／
公益社団法人日本青年会議所／株式会社劇団ニホンジンプロジェクト／
トーンモバイル株式会社／株式会社LAUGH TECH／株式会社ウィズ・アス／VideoBlocks／
名古屋工業大学／三重大学／福島県警察本部／杵築市観光協会／
一般社団法人日本タンナーズ協会／一般社団法人日本冷凍空調設備工業連合会／

◇講師◇
・川崎市経済労働局次世代産業推進室
・日本工学院専門学校蒲田校 放送・映画科 特別講義
・日本工学院専門学校 非常勤講師
・公益社団法人 周南青年会議所主催「YouTube道場」
・ 東京都教育委員会 BumB東京スポーツ文化館主催「Web動画を作ろう」",2012-01-04T09:47:18.000Z,https://yt3.ggpht.com/-pWS7QHGjI9k/AAAAAAAAAAI/AAAAAAAAAAA/aSlz4ePVTTQ/s88-c-k-no-mo-rj-c0xffffff/photo.jpg,22088219,90113,False,801,0
UCGD6cybImXigcLw2VSwHMBg,HiROKi,"VideoDirector
VideoGrapher

〈主な使用機材やソフト〉
・Canon EOS 5D MarkⅢ
・MAC Pro
・Adobe Premiere Pro CC
・Adobe After Affects CC",2012-05-26T16:39:00.000Z,https://yt3.ggpht.com/-VQSSntG4bHE/AAAAAAAAAAI/AAAAAAAAAAA/fyrEuIhRzBk/s88-c-k-no-mo-rj-c0xffffff/photo.jpg,23679538,79810,False,658,0
UCbZFgAVRN3PDZV0O6Ma__c6Q,0踏切アニメ0ふみっきー君チャンネル,"今大人気の「ふみきりアニメ」を2009年に生み出した張本人！
踏切の人（macaroni69n）と申します。
あみぐるみと童謡と子育て情報の動画も投稿しています。
新作も随時アップロードしているので、よろしかったらチャンネル登録お願いします★
どこにもない踏切アートな音楽ワールドをお楽しみください＾ー＾

何故か2歳の子どもに人気らしいですよ！
踏切ふみっきー君と一緒に踊りましょう♪
踏切再生リスト（https://www.youtube.com/watch?v=v4fPGceexpo&list=PL63FD9159220935F8）

""Railroad crossing animation"" is the first time in the world I was thinking.I am a pioneer of ""railroad crossing animation"".

踏み切り　電車　あみもの　音MAD　リトミック　macaroni 69n　マカロニロックン　ミュージック　アニメーション　ストップモーション　コマ撮り　てってってー 子ども　赤ちゃん　泣きやむ　おもちゃ　トドラー　幼児　fumikiri amimono Japanese Railroad crossing animation

　2007年　YouTubeアカウント制作
　2009年　ニコニコ動画にて動画制作を始める
　2010年　YouTubeで本格的に活動し始める
　2016年　スカウトされUUUMクリエイターになる　https://www.uuum.jp/creator　
　2017年　キッズニーの一員として動画を投稿する　https://www.youtube.com/channel/UC7x-2VzENMjmmHUoKt5xt7Q/
　2018年　チャンネル登録者様10万人、総再生数１億回突破♪

★お問い合わせ、ファンレターなどは〒106-6137 東京都港区六本木 6-10-1六本木ヒルズ森タワー 37階UUUM【ふみっきー君】まで★",2007-06-24T16:01:22.000Z,https://yt3.ggpht.com/-7K9bknKa54o/AAAAAAAAAAI/AAAAAAAAAAA/khilsSgtmZU/s88-c-k-no-mo-rj-c0xffffff/photo.jpg,136312768,109613,False,138,0
UCPy2tFbERkVopaf0Ym4uTSg,まつだ55 /matsuda55,"こんにちは！まつだ です。
毎週末に更新します！
ストップモーションアニメやミニチュア動画、音フェチ動画等の癒しの動画を投稿しております。
家族で楽しめるNHKのようなチャンネルを目指していますが、たまに毒がでます。
楽しんでいただけると嬉しいです！
Hello.
Matsuda 55 is making stop-motion animation,miniatures,ASMR.
I hope you enjoy it.
스톱 모션 애니메이션의 마츠다 55입니다
hoạt hình stop-motion Mazda là 55
停格动画马自达55
หยุดการเคลื่อนไหวนิเมชั่นมาสด้า 55

お手紙預かりシステムを利用できる様になりました！
【お手紙等のあて先】 　106-6134 　東京都港区六本木6-10-1 　六本木ヒルズ森タワー37階 　UUUM株式会社　まつだ55宛 
お手紙頂けたら、泣いて喜びます！",2010-03-21T06:25:42.000Z,https://yt3.ggpht.com/-spKY6sbtaDA/AAAAAAAAAAI/AAAAAAAAAAA/9GFrncQhxGA/s88-c-k-no-mo-rj-c0xffffff/photo.jpg,57167003,217621,False,330,0
UCkGf_kXNiDG_nXs4__WJkY__Q,レオンチャンネル,"『レオンチャンネル』を運営中の【 玩具レビューYoutuber 】 
チャンネル登録者103万人 
再生回数20億回以上 / 総再生数はYouTube日本 11位(※2018年6月時点)
月間2,600万PV 
Youtubeで玩具レビュー動画を毎日2〜5本アップしています 
2013年3月10日チャンネル開設、
2014年1月よりYouTuberプロダクションUUUM(ウーム)所属

【主なレビュー動画】
仮面ライダービルド/エグゼイド/ゴースト
快盗戦隊ルパンレンジャー/警察戦隊パトレンジャー
妖怪ウォッチ シャドウサイド
スナックワールド
ウルトラマンR/B(ルーブ)
S.H.Figuartsシリーズ(SHフィギュアーツ)
_____________________

編集ソフト：iMovie / Final Cut Pro
カメラ：SONY DSC-RX10
パソコン：MacBook Pro Retina 13 / VAIO Pro 11
三脚：SONY VCT-R100

お手紙などは
〒106-6134 東京都港区六本木6-10-1
六本木ヒルズ森タワー34F UUUM
レオンチャンネル　宛でおねがいします",2012-04-30T14:56:13.000Z,https://yt3.ggpht.com/-NlJ6t5Tt-G8/AAAAAAAAAAI/AAAAAAAAAAA/6EcXFWv6N00/s88-c-k-no-mo-rj-c0xffffff/photo.jpg,2041209764,1036798,False,4657,0
UCL9ibMKcDtK4qc6e9Go9mCg,k2eizo,"主に特撮系のオモチャの動画ですが、少し画像を合成加工したり、ジオラマ撮影した物もありますｗ是非ご覧下さい！
基本的には、レビュー（感想を言う事）したり、説明する動画ではなく、簡単にに紹介したり、劇中の再現したり、逆に設定を無視して適当に遊んだりしております^o^
なるべく分かり易い動画を作りたいと思っていますが、喋らないですし、文字もあまり入れないですし、撮影スペースと機材の関係上サイズの大きい物は、見にくくなる事も多々あります。どうぞ、ご容赦下さいませ。

2014年8月よりUUUMに所属しています。

チャンネルのご登録をして頂けますと、最新の動画がメール等で案内されます。もちろん、無料です！
是非、チャンネルのご登録よろしくお願い致します。
Pease subscribed Channel registration.",2010-07-29T11:08:04.000Z,https://yt3.ggpht.com/-1GXqQ4g5Fok/AAAAAAAAAAI/AAAAAAAAAAA/dn3FHKAo-P8/s88-c-k-no-mo-rj-c0xffffff/photo.jpg,344078048,323733,False,2845,0
UCtLo4nwb3ObCDZ4m8b8u7fA,LOVECARS!TV!,"web自動車メディアLOVECARS!（http://lovecars.jp)のYoutubeチャンネル。
自動車ジャーナリストの河口まなぶが、企画／製作／構成／編集／出演の全てを自分１人で行い、新型車の試乗動画を素早く配信。",2008-12-04T01:30:55.000Z,https://yt3.ggpht.com/-F9fCW5Xej7c/AAAAAAAAAAI/AAAAAAAAAAA/Ieaz5OG4cTE/s88-c-k-no-mo-rj-c0xffffff/photo.jpg,79263377,93161,False,850,0
UCaeD70dPUK5ylWRZIfHsT1w,ヲタファ/wotafa,"全国の玩具野郎は集結せよ！
毎日更新！【ヲタファの秘密基地】へようこそ！玩具レビューアーヲタファが運営するチャンネルです。
仮面ライダービルド、快盗戦隊ルパンレンジャーVS警察戦隊パトレンジャー、トランスフォーマーなど最新玩具から
海外トイ、超合金などの懐かしいおもちゃ、各社提供による販売前のサンプルまで幅広くレビューしています。
※いち早く動画が見たい方はチャンネル登録をすると最新動画の案内メールが届きます。もちろん無料です。
2015年12月より専属クリエイターとしてUUUMに所属。
特技 ギター
▽Special Thanks
株式会社 バンダイ BANDAI / 株式会社 タカラトミー TAKARATOMY / Robotkingdum.com / Planet Steel Express / Unique Toys  /DX9/Mastermind Creations / Maketoys / Iron Factory /

▽Welcome to my channel [WOTAFA's Secret Base].
I am a toy reviewer and a guitarist.
In this channel I review mainly Japanese toys such as 
Kamen Rider, Power Rangers, Sentai, Transformers and more.
Besides Japanese toys, I review popular toys from all over the world and 
vintage / antique toys.
Thank you so much for watching! Please subscribe for more.
**Subscribing is free! I won't take your money, just your time.
Thank you

＊天天上傳最新影片＊歡迎來到【wotafa的秘密基地】！
這是由最喜歡玩具的吉他手wotafa所經營的YouTube頻道，
從假面騎士Ghost、動物戰隊獸王者、變形金剛等，
到令人懷念的超合金玩具、進口玩具及發售前的樣品，提供給您包羅萬象的最新玩具資訊！
※歡迎訂閱本頻道以接收最新訊息唷！",2007-10-08T02:55:07.000Z,https://yt3.ggpht.com/-k-CSvVR1Yfk/AAAAAAAAAAI/AAAAAAAAAAA/6LOBYpN0bgY/s88-c-k-no-mo-rj-c0xffffff/photo.jpg,326469206,456840,False,1442,0
UCxc0F7BSsl3d4V2aoietV9A,みさわ,"このチャンネルでは主に【遊戯王】に関連した動画を毎日19:00に更新しております。

【サブちゃんねる】
https://www.youtube.com/channel/UCLKfi-8GJykpBNn0ROZWEqA

【お問い合わせはコチラ】
http://www.uuum.co.jp/inquiry_promotion

【ファンレター等はコチラ】
〒106-6134 
東京都港区六本木6-10-1 六本木ヒルズ森タワー 34F UUUM株式会社 
みさわ宛",2013-12-28T12:23:14.000Z,https://yt3.ggpht.com/-62ng-Vu53HU/AAAAAAAAAAI/AAAAAAAAAAA/G_dqrcaA4Ek/s88-c-k-no-mo-rj-c0xffffff/photo.jpg,244608391,284667,False,1423,0
UCrOnS768WQGgNzvM0wOGa1w,勝亦博物館/katsumata museum,"勝亦博物館とは...
かつまたさんが将来的に運営したい仮想の博物館であり、現在はYouTube上でのブランド名となっています。
主に興味を持ったモノ(仮面ライダー,ウルトラマン,スーパー戦隊,デジモン,STARWARS,牙狼,聖闘士星矢,北斗の拳,ジョジョの奇妙な冒険,美少女戦士セーラームーン,おジャ魔女どれみ,ポケモン)を動画にしていきます！！

勝亦博物館オフィシャルグッズ販売ページ
3/30金曜から！
https://uuum.skiyaki.net/katsumatamuseum

お手紙、お仕事の依頼はこちらにお願いします。
http://www.uuum.co.jp/inquiry_promotion

106-6134
東京都港区六本木 6-10-1
六本木ヒルズ森タワー 37階 south
UUUM株式会社　勝亦博物館宛",2014-04-14T14:25:14.000Z,https://yt3.ggpht.com/-8VVMd3MY83c/AAAAAAAAAAI/AAAAAAAAAAA/SlRNn5llBjs/s88-c-k-no-mo-rj-c0xffffff/photo.jpg,137014160,150658,False,2526,0
UCNaGf1tJsooAo6W_lrI06zw,ジョージ石原,"こんにちは ジョージ石原です(^ ^)
子供の影響で電車にハマってしまいダイソープチ電車シリーズやトミカプラレールなどの
動画をアップしています。（ドクターイエローは特にハマってます）
またそれ以外の動画にも挑戦していこうと思います。
お子様に喜んでもらえるような動画を目指してやって行きますので応援よろしく
お願いします(^O^)
＊コメントの返信がなかなかできていません。たくさん頂いているのに本当に申し訳ございません。
これからは動画の中でできるだけお答えしていきますのでご了承ください。

お仕事のお問い合わせはUUUMにお願いいたします。
http://www.uuum.co.jp/inquiry_promotion",2012-08-03T05:39:38.000Z,https://yt3.ggpht.com/-TUCJqbC0cGY/AAAAAAAAAAI/AAAAAAAAAAA/ZJs32VP_hKU/s88-c-k-no-mo-rj-c0xffffff/photo.jpg,80248513,70942,False,779,0
UCVCDKnu1N__FckqkRjiTeXag,ショウカイジャー,"チャンネル登録者数14万人を突破！！
ショウカイジャーは宇宙戦隊キュウレンジャーや、仮面ライダーエグゼイドなど特撮を中心とした最新玩具をたのしくレビューして、みなさまにお届けするチャンネルです。
◆ショウカイジャーへのお便りはUUUMまで！◆
106-6134
東京都港区六本木 6-10-1
六本木ヒルズ森タワー 37階 south
UUUM株式会社　ショウカイジャー宛

◆企業様へ◆
ショウカイジャーへのお仕事のご依頼は下記よりお願い致します。
http://www.uuum.co.jp/inquiry_promotion",2013-02-08T00:05:17.000Z,https://yt3.ggpht.com/-ZXCZnzeqRyY/AAAAAAAAAAI/AAAAAAAAAAA/1j1MoFT2pwc/s88-c-k-no-mo-rj-c0xffffff/photo.jpg,162699314,178608,False,1522,0
UC5AV3B5lr9j7TF96AESgoVQ,おもちゃんねるん Omotyannerun,"いつもご覧いただきありがとうございます！
プラレールやトミカ 戦隊モノが好きな関西人です☆

ほぼ毎日更新してます！(声が出ない時は休みますw)
アップしたい動画がある時はすぐにアップする！
ガンバルンバの精神で突っ走っております！

現在登録者数約２１万人☆
動画トータル再生数は約１億８０００万回☆2018年３月 現在

☆とりあつかいジャンル☆
プラレール アドバンス
カプセルプラレール
トミカ ミニカー
ハイパーレスキュー ドライブヘッド
仮面ライダー
シンカリオン
きかんしゃトーマス
食玩
マクドナルドハッピーセット
ガチャガチャ
思いついた事！
一年に一度iPhone(笑)

御用がございましたらビジネス用メールまたは
下記の所属事務所、UUUMへご連絡お願いいたします

〒106-6134
東京都港区六本木6-10-1
六本木ヒルズ森タワー37F UUUM
おもちゃんねるん

までお願いいたします！",2014-03-27T17:12:14.000Z,https://yt3.ggpht.com/-useYVLKeIRc/AAAAAAAAAAI/AAAAAAAAAAA/pKCKtiIfxF4/s88-c-k-no-mo-rj-c0xffffff/photo.jpg,225632781,272129,False,1319,0
UC7RQMyUPzbQerM6rKRGqhvA,LEOTOY / レオトイ,"おもちゃを買ってきて紹介したり、自分で3Dプリンターで作ったりしてるチャンネル
おもちゃ好きは登録してくれると励みになります！

twitterもやってます そっちもよろしく",2012-01-05T14:17:36.000Z,https://yt3.ggpht.com/-10d8Qa7MQHU/AAAAAAAAAAI/AAAAAAAAAAA/th4yAG63vX4/s88-c-k-no-mo-rj-c0xffffff/photo.jpg,128429693,109257,False,1450,0
UCy3Sj6KflkLCaaLtj2fSnow,ALOHA channel,"ALOHA channel(アロハチャンネル)をご覧いただきありがとうございます！

仮面ライダーや戦隊シリーズ、ドラゴンボールにワンピースなど、人気のおもちゃをストップモーション動画、音声レビュー動画で紹介しています♪
白熱のバトルもお楽しみいただければと思います^^

また、ストップモーションバトルの独自シリーズ「仮面ライダー対戦AL」にも注目してください！

※ハワイを紹介するチャンネルではありません。が、たまにするかもw


【主なレビュー動画】
・仮面ライダーエグゼイド、仮面ライダービルド、ルパンレンジャー、パトレンジャー、キュウレンジャー、ジュウオウジャー、ドラゴンボール超、ワンピース
　and more…

【レビュー玩具の主な種類】
・DX玩具、、食玩（ミニプラ、創動(sodo) etc…）、ガシャポン、S.H.Figuarts(フィギュアーツ)、びっくらたまご、スーパードラゴンボールヒーローズ
　and more…

（楽曲提供：Production Music by http://www.epidemicsound.com）

2017年2月より、UUUMに所属しています。
https://www.uuum.jp/creator/alohachannel

お仕事のご依頼、ファンレターなどは、UUUMまでお願いいたします。
http://www.uuum.co.jp/service

〒106-6134
東京都港区六本木 6-10-1 六本木ヒルズ森タワー 37階
UUUM(株)　ALOHA channel 宛

ALOHA channel is stop motion movie and review video channel of Japanese Toy.
If you like Dragon ball or One peice , Kamen rider , power ranger etc,
please subscribe my channel.

인기 장난감을 스톱 모션 (저속 촬영) 동영상으로 소개하고 있습니다 ,파워레인저 다이노포스 브레이브 티라노킹
주로 가면라이더(가면라이더 고스트),드래곤볼,원피스,스톱 모션",2014-05-24T03:14:09.000Z,https://yt3.ggpht.com/-Ij-_2hokw4k/AAAAAAAAAAI/AAAAAAAAAAA/cRRVThSrKnU/s88-c-k-no-mo-rj-c0xffffff/photo.jpg,58942148,96678,False,849,0
UCwCcE__TAVIsYWnZ4oUjU6ew,けんちゃんねる/TFS,"こんにちWow!!
みなさんこんにちは！けんちゃんねるのけんです！

主にキッズ向けのおもちゃ、トレンドに便乗して、大手さんに追いつけ追い越せで頑張っております。

ファンレターなどはコチラ
〒106-6137 東京都港区六本木 6-10-1
六本木ヒルズ森タワー 37階
UUUM株式会社
けんちゃんねる宛

☆Twitter フォロー待ってます☆
＜けんちゃんねる@smken_555＞
https://twitter.com/smken_555
＜ベイブレードお兄さん@shimikenbey＞
https://twitter.com/shimikenbey



2016/07/24 チャンネル登録者数1000人
2016/09/12 UUUMネットワーク加入
2016/12/24 チャンネル登録者数2000人
2017/1/6 総再生回数100万回突破
2017/2/25 チャンネル登録者数3000人
2017/3/17 チャンネル登録者数3500人
2017/3/22 チャンネル登録者数4000人
2017/3/25 チャンネル登録者数4500人
2017/3/30 チャンネル登録者数5200人
2017/4/3 総再生回数300万回突破
2017/4/5 チャンネル登録者数6000人
2017/5/19 総再生回数500万回突破
2017/5/27 チャンネル登録者数9000人
2017/6/11 チャンネル登録者数10000人
2017/6/30 チャンネル登録者数12000人
2017/7/1 UUUM専属契約
2017/7/29 総再生回数1000万回突破
2017/8/30 チャンネル登録者数20000人
2018/5/1 UUUMホームページ掲載
2018/5/10 チャンネル登録者数50000人",2014-05-30T13:17:15.000Z,https://yt3.ggpht.com/-OQAeCqg_xCg/AAAAAAAAAAI/AAAAAAAAAAA/us_zq8XIAQY/s88-c-k-no-mo-rj-c0xffffff/photo.jpg,44533739,54344,False,702,0
UCskAt0JUUCrHqutdfLXSb__w,aiudesk,家にあるおもちゃや、でかけた場所、育児、美容、健康などの動画を趣味でつくって楽しんでいます。,2007-12-27T07:01:56.000Z,https://yt3.ggpht.com/-Sg-X2O0z3mI/AAAAAAAAAAI/AAAAAAAAAAA/bifl_RjPq3E/s88-c-k-no-mo-rj-c0xffffff/photo.jpg,902344496,677120,False,548,0
UCQubp91ICvNsh4gdzIKyKkA,カードキングダム,カードゲームデッキ解説、ルール説明など。,2007-07-24T10:32:04.000Z,https://yt3.ggpht.com/-JLvU6ug8CPA/AAAAAAAAAAI/AAAAAAAAAAA/okDasi6BSj8/s88-c-k-no-mo-rj-c0xffffff/photo.jpg,466017059,345253,False,1103,0
UC17_aMbsbwtzpa4__SUlDEOw,70cleam,"お人形遊び、おもちゃ遊びの 70cleam ( 70クリーム )チャンネルです。
幼児・子供向けのかわいい人形・かわいいおもちゃを紹介しています♪
メルちゃん、ぽぽちゃん、ハローキティ、リカちゃん、バービーや、
赤ちゃんの人形、Baby Dollなどかわいいおもちゃがいっぱいです。
楽しんでもらえたら嬉しいです^ ^

動画内の遊びは子供の想像の世界ですので、現実とは異なる点があります。
言葉の間違いもありますが普段の遊びのように自由にやらせています。
コメントは子供も見ますので、不適切と思われるコメントは削除させて頂きます。ご了承下さい。

おうえんメッセージ等の送り先 ↓
〒106-6134 東京都港区六本木 6-10-1
六本木ヒルズ森タワー 37階
UUUM株式会社 70cleam宛

Hi, welcome to 70cleam Channel.

Thank you for visiting and watching our videos.

This channel is a cute toys and dolls play channel with videos featuring famous characters such as Mell-Chan, Popo-Chan, Hello Kitty, Licca-Chan, Barbie-doll and more!

Please subscribe, press the like button, and leave the comment, if you enjoy our videos.  Also, if you speak Japanese, you can also help us add subtitles!  Just click the cogwheel icon on the video display and select the ""add subtitles"" option to add your own line-by-line text and help our channel reach even more fans!

お問い合わせはこちら https://www.uuum.co.jp/inquiry_promotion",2011-09-29T15:50:31.000Z,https://yt3.ggpht.com/-C_Nekws5Krw/AAAAAAAAAAI/AAAAAAAAAAA/8apQVYIcB-c/s88-c-k-no-mo-rj-c0xffffff/photo.jpg,1342771405,1101958,False,785,0
UCjX7kJYLEAdsaCDnTsWK3Wg,ぷっぷちゃん,"チャンネル名：ぷっぷちゃん

こんにちは！ぷっぷちゃんだよ。
アンパンマンやしまじろう、キティちゃん、ドラえもん、みんなの大好きなおもちゃで動画をつくるよ。
アンパンマンがかっこいい動画や、ばいきんまんもかっこいい動画­とか、
他にもお友達がたくさん出てくるよ。
いっぱいいっぱい見てみてね！



面白かったら、GOOD評価、チャンネル登録よろしくね！！


★★★★★
使用BGM
You Tube オーディエンス
甘茶の音楽工房：http://amachamusic.chagasi.com/
MusMus： http://musmus.main.jp/
フリー音楽素材 Senses Circuit
http://www.senses-circuit.com/ 
Music is VFR
http://musicisvfr.com/

★★★★★
使用効果音
You Tube オーディエンス
Onara Sound MP3：http://onara-mp3.com/index.html
フリー効果音：http://taira-komori.jpn.org/freesound.html
フリー音楽素材 Senses Circuit
http://www.senses-circuit.com/ 
Music is VFR
http://musicisvfr.com/
ポケットサウンド – http://pocket-se.info/

ありがとうございました！",2016-08-19T02:54:04.000Z,https://yt3.ggpht.com/-0uzpLM4vQxg/AAAAAAAAAAI/AAAAAAAAAAA/hGSQqIqMY1k/s88-c-k-no-mo-rj-c0xffffff/photo.jpg,229047142,230492,False,1133,0
UC7lG26U81JGl0EyMNOmRsjw,おもちゃ大好き動画,"その都度ハマっているもの、時々おじいちゃんの段ボール工作作品などを紹介しています。

ゲームチャンネル（ゲーム動画ななこ）
https://goo.gl/qIyNfF
どうぶつの森、ポケコロ実況などをしています！

＊基本的にトレード（交換）等は行っていませんので、ご了承ください。

～About my channel～
I upload videos mainly of cute Japanese anime toys and goods.
I love Aikatsu, and Pripara! Recently I have been addicted to
Love Live and Tsumtsum. 
I will introduce more cute Japanese anime and games!
Thank you so much for watching, and please subscribe for more!

～My other channel～
■Gaming channel
https://www.youtube.com/channel/UCNi41_cmSwrETRqOYt77whw",2013-10-22T06:17:52.000Z,https://yt3.ggpht.com/-LNJUR5XXX6c/AAAAAAAAAAI/AAAAAAAAAAA/RxW-bGT1tvo/s88-c-k-no-mo-rj-c0xffffff/photo.jpg,67266237,66400,False,1300,0
UCps4dAbzd30T____mvrCpltgw,おもちゃTV,"デュエルマスターズ(デュエマ)の開封動画や対戦動画や仮面ライダーのコントを撮っていたりします♪
その他には、(バディファイトやバトルスピリッツなどいろんなカードゲームも遊んでます。
いろんなことにチャレンジしていきたいっす！




このチャンネルの動画には、魔王魂と交果音ラボ、またOn-Jin ～音人～のフリーの音楽素材が使われています！！

魔王魂サイト⇒http://maoudamashii.jokersounds.com/music_fq.html

交果音ラボサイト⇒http://soundeffect-lab.info/

On-Jin ～音人～⇒http://on-jin.com/",2013-10-01T11:52:20.000Z,https://yt3.ggpht.com/-a4n1bkdivCs/AAAAAAAAAAI/AAAAAAAAAAA/_1VDgQUVOWY/s88-c-k-no-mo-rj-c0xffffff/photo.jpg,89704461,74711,False,2404,0
UCD__ygDdEbVWgjIH6V1UQlbQ,そるちゃんねる solchannel4kids,"solchannel(そるちゃんねる)へようこそ。

はたらくくるま、アンパンマン、などなど...こどもが好きなキャラクターが登場！！

おもちゃの紹介と、楽しいおもちゃ遊びで楽しんで頂けるよう、
みていてわくわくするような動画を日々作成します！！
お子さまへのプレゼント選びの参考にもなればと思います。

お子さまが楽しめるよう、毎日動画を作成していきますので、チャンネル登録頂きますと励みになります。
チャンネル登録はこちら→https://www.youtube.com/channel/UCD-ygDdEbVWgjIH6V1UQlbQ?sub_confirmation=1

こんな動画がみたい、こんな事やってほしい！
などなど、リクエストがありましたらお気軽にコメント欄やツイッターでご連絡下さい♪
Twitterはこちら♪→　@sol_channel4kid

安心、安全にお子さまが楽しめるよう心がけていきますので、不適切な内容等ありましたら、ご連絡いただけますと幸いです。
いつもご覧頂き、ありがとうございます。
まだまだこれからですが、どうぞ今後ともよろしくお願い致します。",2016-07-10T05:38:15.000Z,https://yt3.ggpht.com/-wcYj_2M9zYw/AAAAAAAAAAI/AAAAAAAAAAA/rsUTM8eFX3s/s88-c-k-no-mo-rj-c0xffffff/photo.jpg,130010938,110372,False,1146,0
UCCBq7s8VOCyek275uvq5lYQ,三原JAPAN Sanyuan_JAPAN,"◆自我介紹◆　
我是三原慧悟。我喜歡台灣!!
今年25歲 長得很高可是不帥 請問這樣可以當偶像嗎？
我現在努力當台灣的超級偶像（不是搞笑藝人）

2016.06～開始在ＹＯＵＴＵＢＥ上發布影片！

我的夢想是粉絲多到能坐滿整個台北小巨蛋！
請大家訂閱我的頻道喔!!!
■□■□■□■□■□■□■□■□■□■□■
■　　　　　　　　　　　   ■
□    每晩８點更新!!!( *´艸｀)    □
■                                               ■
■□■□■□■□■□■□■□■□■□■□■

◆Profile◆
My name is Keigo Mihara. I’m 25 years old. I’m pretty tall, but average-looking. Can someone like me become a pop idol? 
I’m aiming to be a world-famous celebrity. 
I upload videos introducing Japanese culture! 
I hope you enjoy watching my videos and learning about Japanese culture!

◆自己紹介◆
三原慧悟です。25歳から台湾でアイドルを目指しています。
日本をちょこっとオモシロく紹介する動画を作ってます。世界中の人と友達になりたいです。

= = = = = = = = = = = = = = = = = = = =

■FB　⇒　https://www.facebook.com/MiharaKeigo/
■Inst ⇒  https://www.instagram.com/sanyuan_japan/


Please follow me!!フォローしてね!!♡


-----------------------------------------
業務工商相關請連絡我的Buddy,Michelle
email_ 3yuan.c@gmail.com
地址：CAPSULE SPACE  108台北市萬華區成都路4號7樓",2015-09-08T13:14:48.000Z,https://yt3.ggpht.com/-uX9uhDGAnh4/AAAAAAAAAAI/AAAAAAAAAAA/TXVD_xc8pQY/s88-c-k-no-mo-rj-c0xffffff/photo.jpg,105764068,649699,False,681,0
UCV_S2S__Zs8LeuJxK__T3RQQg,黃氏兄弟,"Hello大家好，我們是黃氏兄弟【挑戰一週三更中，每週一三六發片】

2017/04/04上傳了我們第一部影片，咦清明節，不對不對，是兒童節www
我們喜歡實測、惡搞、互整、都市傳說、開箱、吃喝玩樂、Cover 唱歌，
超級超級用心的剪輯影片，希望你們會喜歡(っ●ω●)っ

我們兩個都有一份正職工作，兼職Youtuber做影片。
榨乾時間生出影片，極度誠懇(?)
記得按下訂閱，開啟鈴鐺！

2017.04.04：The first video
2018.01.31：100,000 Subscribers ！
2018.04.26：200.000 Subscribers ！
2018.06.19：300.000 Subscribers ！
-------------------------------------------------------------------------------------------------

黃氏兄弟臉書專頁 : 
　　　 https://www.facebook.com/HuangHuangBrother
有東西想寄 :
　　　蘆洲郵局第193號信箱 (要通知我們唷)

業務諮詢： HuangBrothers.c@gmail.com",2015-10-30T02:38:21.000Z,https://yt3.ggpht.com/-6JlgzuwU_80/AAAAAAAAAAI/AAAAAAAAAAA/QgjthI2xPNs/s88-c-k-no-mo-rj-c0xffffff/photo.jpg,39200732,335188,False,149,0
UCO3r3FllELijijdytnR43NA,黑仔熊,"歡迎來到我的頻道，讓我快速的告訴大家在這裡你會看到些什麼
※※※※※※※※※※※※
→其實是在壓馬路的旅遊
→只是想要吃飽的美食
→芝麻蒜皮的生活日常
→亂七八糟的打開箱子
→其實很不專業的心得分享
※※※※※※※※※※※※
我是「黑仔熊」，歡迎來到我的世界！

業務工商相關請連絡我的Buddy,黛安
email_ heizaixun.c@gmail.com
地址: CAPSULE SPACE  108台北市萬華區成都路4號7樓",2012-10-22T15:16:57.000Z,https://yt3.ggpht.com/-sqXvEU299mg/AAAAAAAAAAI/AAAAAAAAAAA/cHBOc1Mg0Fw/s88-c-k-no-mo-rj-c0xffffff/photo.jpg,9087403,60331,False,1454,0
UCAsviiS5DE0pcuvxPRrrAzQ,搞神馬,"合作請聯絡下方信箱，會有Buddy協助處理～
業務信箱：ksmytstudio.c@gmail.com
通訊聯絡：CAPSULE詩涼子",2017-11-23T12:39:23.000Z,https://yt3.ggpht.com/-ABo38L2Y0nM/AAAAAAAAAAI/AAAAAAAAAAA/gYG3n04FHIw/s88-c-k-no-mo-rj-c0xffffff/photo.jpg,34385762,343428,False,96,0
UCUy__lBPiJYWXTvfYHiCb___A,黑羽,"唷西！大家好我是黑羽！！
我的影片涉及非常的廣，日常、開箱、實驗、遊戲、短劇等....
只要我有興趣的我都會想嘗試ヽ(✿ﾟ▽ﾟ)ノ
各位如果有興趣的話歡迎訂閱把我融入到你的生活中ヽ(́◕◞౪◟◕‵)ﾉ

工商以及合作洽談：blackm314968@gmail.com",2013-09-21T11:01:33.000Z,https://yt3.ggpht.com/-qykEwxDUqpU/AAAAAAAAAAI/AAAAAAAAAAA/osGnrGMNXEQ/s88-c-k-no-mo-rj-c0xffffff/photo.jpg,50683531,275077,False,789,0
UC99AIUi4psZ98Khq_qU5Hpw,盛夏微涼 Ryo.,"Hi 我是Ryo(程涼)
發音是６，自己覺得很精明(?)， 
只是一不小心就打開天然開關。 
平常喜歡追動漫玩cosplay、打電玩或平板 (о´∀`о) 

-----------------------------------------------

若有任何合作活動邀約或問題，
歡迎私訊或來信詢問：ryo666.c@gmail.com

-----------------------------------------------

關於Ryo
【Twitch】http://www.twitch.tv/ryo_0814
【Facebook】https://www.facebook.com/imRyo6
【Instagram】https://www.instagram.com/imryo6",2014-11-24T15:31:42.000Z,https://yt3.ggpht.com/-R0W83JSwEbk/AAAAAAAAAAI/AAAAAAAAAAA/74TqNuRDAkU/s88-c-k-no-mo-rj-c0xffffff/photo.jpg,12181723,141761,False,454,0
UC3__I23qIQk__2rwi7cnntIJA,謙桑,"Yolo Guys Welcome to 謙nell 
希望我的影片能夠帶給大家歡樂、開心～
也希望大家有因為我的影片感到開心、快樂的話不要吝嗇按下喜歡跟訂閱吧 XDDD

業務工商相關請聯絡 
CianSang.c@gmail.com
地址:CAPSULE SPACE 108 萬華區成都路4號7樓",2015-09-18T11:00:57.000Z,https://yt3.ggpht.com/-WUyy825Pcew/AAAAAAAAAAI/AAAAAAAAAAA/6xZNvHp8puo/s88-c-k-no-mo-rj-c0xffffff/photo.jpg,35031091,194347,False,719,0
UC_XRq7JriAORvDe1lI1RAsA,呱吉,"獨飲獨食

一個中年人常常不滿意、不斷發牢騷的頻道
2011年註冊這個帳號，可是2017年五月才正式開始經營

個人粉絲團：https://www.facebook.com/froggychiu/
個人IG帳號：froggychiu
呱吉的孤獨飲食地圖：https://goo.gl/uk8Hju

工作室主要頻道：搜尋「上班不要看」

如果有任何商業上的合作需求，請寄信給 norge@65535studio.com / maid@65535studio.com",2011-05-14T14:39:28.000Z,https://yt3.ggpht.com/-S3ATWKP3SwY/AAAAAAAAAAI/AAAAAAAAAAA/QwN7aKE3Qg8/s88-c-k-no-mo-rj-c0xffffff/photo.jpg,20445146,205377,False,135,0
UCj_z__Zeqk8LfwVxx0MUdL__Q,上班不要看 NSFW,"那是一個特別寒冷的冬天，呱吉和小火車在下雪的台北成立了一個只有兩人的工作室。

慢慢地，越來越多快樂小夥伴的加入....我們持續在創作有趣影片的道路之上。

如果有任何想要合作的地方，請洽詢: thomas@65535studio.com
這是小火車的信箱，煩死他。",2015-12-02T07:30:06.000Z,https://yt3.ggpht.com/-OAl2QeRgZXM/AAAAAAAAAAI/AAAAAAAAAAA/WB3JFKrq6cY/s88-c-k-no-mo-rj-c0xffffff/photo.jpg,55867305,333732,False,239,0
UCHAL5c5PrCSA4ExAlY_gLuQ,廖小龐,"我是小龐(女)，不定時分享開箱影片，Cosplay手作，美食試吃
如果你喜歡我的影片，就趕快訂閱我的頻道
這樣就能第一時間追蹤到我上傳的影片喔
每週二四六會固定發一個新的影片
其他時間也會看心情不定時的拍些臨時的短片
--
業務工商相關請聯繫這個信箱與我的Buddy接洽
punkmaid.c@gmail.com",2007-02-19T15:15:30.000Z,https://yt3.ggpht.com/-k21BKYrQkvw/AAAAAAAAAAI/AAAAAAAAAAA/cA6JsYfZpMU/s88-c-k-no-mo-rj-c0xffffff/photo.jpg,7374691,40992,False,293,0
UCJES7pjHlSyxjEOdb1PNTrA,Will Shen嬸嬸,"不會自己看喔





哈囉大家～我是嬸嬸 !  
我是一名台灣的YouTuber，同時也是魔術師、花式撲克牌玩家堅滑雪教練。
在我的YouTube頻道我會分享我的熱情與生活，偶爾耍耍廢，歡迎大家來訂閱我的頻道 !



任何重要事項或合作請聯絡此信箱:
willShen.creator@gmail.com",2013-05-21T12:03:37.000Z,https://yt3.ggpht.com/-xXKw0y_aoMo/AAAAAAAAAAI/AAAAAAAAAAA/f0TikuU2LgM/s88-c-k-no-mo-rj-c0xffffff/photo.jpg,14822414,213227,False,166,0
UCdb7Jw5rprurSCutjT9BW5A,阿紅 Redkai,"我想用我的後製寫一篇故事，一場冒險。

一位來自台灣的少年
超～熱愛遊戲，希望與大家分享玩遊戲時的快樂
如果你也喜歡玩遊戲，按下訂閱，每天一起分享快樂吧(✿ﾟ▽ﾟ)ノ

如果生命有一件必須完成的事情
我想就是玩過好玩的遊戲
玩遊戲不可能一個人
所以
一起玩吧（◎`·ω·'）人（'·ω·`*）。



▌RedKai。主頻道 (Gaming channel)
☞https://goo.gl/WlI3Qv 

▌RedKai。副頻道 (Second channel)
☞https://goo.gl/raOeW8

▌FB粉絲頁(發布各種日常,歡迎追蹤) 
☞https://goo.gl/HXv1pN


●工作邀約""請洽：RedKai.creator@gmail.com",2013-12-03T17:17:34.000Z,https://yt3.ggpht.com/-IaSpYBD4RiY/AAAAAAAAAAI/AAAAAAAAAAA/rKLo1xoglcQ/s88-c-k-no-mo-rj-c0xffffff/photo.jpg,30746059,196963,False,924,0
UC9YOQFPfEUXbulKDtxeqqBA,胡子Huzi,"胡搞的胡，小子的子，顧名思義就是生活中的各種胡思亂搞
我們從小就被各種規則和期待所束縛，
偶爾無傷大雅的胡搞一番，其實是非常愉快噠！",2016-12-20T12:27:20.000Z,https://yt3.ggpht.com/-FbbBKz5ri14/AAAAAAAAAAI/AAAAAAAAAAA/QGUnI79wwDU/s88-c-k-no-mo-rj-c0xffffff/photo.jpg,14837486,183760,False,46,0
UCLh9M5KxWSlIqh2EC8ja_ug,Alan Channel / 阿倫頻道,"阿倫是在日本奮鬥中的台灣人，
會在這裡跟大家分享阿倫在日本的所見所聞，
以及在日本發現的各種特別有趣實用商品的介紹及試用，
另外偶爾還會有一些做料理的分享…等等。

每週的二、四、六、日會上傳新影片，請大家多多指教。
希望藉由阿倫的介紹，能夠讓大家對於日本的一切都能更加瞭解！
不用出國就可以知道國外正在流行的大小事。

若是喜歡阿倫的影片，請按訂閱按鈕，訂閱阿倫的頻道哦。

アランは日本に在住の台湾人です。
このチャンネルで皆様にアランから見た日本の色々を紹介するチャンネルです。
旅行、食、商品の紹介や、役に立てる商品の紹介など、
色々紹介して行きたいと思います。

もしアランチャンネルに興味がある方は、ぜひチャンネル登録をよろしくお願いします。",2015-02-24T07:52:07.000Z,https://yt3.ggpht.com/-tGHKZqM6J-0/AAAAAAAAAAI/AAAAAAAAAAA/pl56nhA0xig/s88-c-k-no-mo-rj-c0xffffff/photo.jpg,41580720,259011,False,542,0
UCCPfI2vQnAc3ZxWpmwDyM1A,Bobo TV,"大家好~我是BoBo ❤️謝謝您觀看我們的頻道！

我們頻道會分享一些

夾娃娃、 生活VLOG、寵物影片
以及BOBO和KIRA一起探討的談話性話題~

希望可以製造更多的快樂給大家!

❤️如果喜歡我們的影片記得訂閱我們哦❤️


業務工商相關請聯絡 
bobotv.c@gmail.com
地址:CAPSULE SPACE 108 萬華區成都路4號7樓",2012-03-30T17:46:00.000Z,https://yt3.ggpht.com/-JnlGFqLnFIM/AAAAAAAAAAI/AAAAAAAAAAA/93m3xu-HLeI/s88-c-k-no-mo-rj-c0xffffff/photo.jpg,25412301,149094,False,208,0
UCa7KELKe1u9mQ5jWMdIB__HQ,阿晋,"我是阿晋
目前專做生活以及遊戲
喜歡我的影片也請按下訂閱以及分享
謝謝大家
----
↓↓↓↓↓↓↓↓↓↓
Oeur粉絲專頁：https://www.facebook.com/oeurXstudio
我的粉絲專頁：https://www.facebook.com/XxSunJinxX
有任何合作或者是商案請來信
信箱：ajinlive.c@gmail.com
---",2014-07-25T09:58:31.000Z,https://yt3.ggpht.com/-X2VdUqRWeoc/AAAAAAAAAAI/AAAAAAAAAAA/iVUAozbP5Oo/s88-c-k-no-mo-rj-c0xffffff/photo.jpg,32300222,291696,False,174,0
UCHV8lZJsXdW8lOFr2z8WPcg,瑞可生活頻道RICO,"在2017年3月才開始發布創作的RICO生活頻道

主要記錄個人日常生活一些有趣、好玩的事情。

希望能讓觀看頻道的朋友們帶走一些歡樂。

−

工商合作相關請連繫這個信箱與我的Buddy接洽
ricoruey.c@gmail.com",2017-02-20T13:07:30.000Z,https://yt3.ggpht.com/-y7OTcMT65Bo/AAAAAAAAAAI/AAAAAAAAAAA/Edqp4p71A-M/s88-c-k-no-mo-rj-c0xffffff/photo.jpg,9903821,136970,False,96,0
